-- MySQL dump 10.13  Distrib 5.7.17, for Linux (x86_64)
--
-- Host: localhost    Database: utsaha
-- ------------------------------------------------------
-- Server version	5.7.17-0ubuntu0.16.04.2

/*!40101 SET @OLD_CHARACTER_SET_CLIENT=@@CHARACTER_SET_CLIENT */;
/*!40101 SET @OLD_CHARACTER_SET_RESULTS=@@CHARACTER_SET_RESULTS */;
/*!40101 SET @OLD_COLLATION_CONNECTION=@@COLLATION_CONNECTION */;
/*!40101 SET NAMES utf8 */;
/*!40103 SET @OLD_TIME_ZONE=@@TIME_ZONE */;
/*!40103 SET TIME_ZONE='+00:00' */;
/*!40014 SET @OLD_UNIQUE_CHECKS=@@UNIQUE_CHECKS, UNIQUE_CHECKS=0 */;
/*!40014 SET @OLD_FOREIGN_KEY_CHECKS=@@FOREIGN_KEY_CHECKS, FOREIGN_KEY_CHECKS=0 */;
/*!40101 SET @OLD_SQL_MODE=@@SQL_MODE, SQL_MODE='NO_AUTO_VALUE_ON_ZERO' */;
/*!40111 SET @OLD_SQL_NOTES=@@SQL_NOTES, SQL_NOTES=0 */;

--
-- Table structure for table `eventhead`
--

DROP TABLE IF EXISTS `eventhead`;
/*!40101 SET @saved_cs_client     = @@character_set_client */;
/*!40101 SET character_set_client = utf8 */;
CREATE TABLE `eventhead` (
  `slno` int(11) NOT NULL AUTO_INCREMENT,
  `event_id` int(11) DEFAULT NULL,
  `name` varchar(50) DEFAULT NULL,
  `phno` bigint(20) DEFAULT NULL,
  `password` varchar(50) DEFAULT NULL,
  PRIMARY KEY (`slno`)
) ENGINE=InnoDB AUTO_INCREMENT=38 DEFAULT CHARSET=latin1;
/*!40101 SET character_set_client = @saved_cs_client */;

--
-- Dumping data for table `eventhead`
--

LOCK TABLES `eventhead` WRITE;
/*!40000 ALTER TABLE `eventhead` DISABLE KEYS */;
INSERT INTO `eventhead` VALUES (1,36,'Nawaz',7406221761,'60a568m9570'),(2,38,'Melrick',7760038110,'15a213m6632'),(3,25,'Suruchi',8123564480,'29a769m2185'),(4,27,'Varun S',9880940068,'38a818m2309'),(5,13,'Varun S',8904849127,'90a332m8526'),(6,8,'Nakul',9590655835,'60a209m7870'),(7,35,'Keerthana',8861193520,'59a511m6682'),(8,29,'Pratham',8128502995,'36a764m6235'),(9,7,'Kiran',9620093076,'98a328m3528'),(10,4,'Aishwarya',7760048043,'40a516m8262'),(11,18,'Deelassa',8088548474,'10a119m7969'),(12,26,'Suprit Kulkarni',9481887229,'69a380m4889'),(13,17,'Aman B',9036508655,'66a821m9827'),(14,34,'Manish Kushwaha',8050876075,'19a575m8474'),(15,37,'Aman Kumar',9886763307,'63a862m2789'),(16,22,'Amogh',9742454257,'72a382m1582'),(17,24,'Sachin Shetty',7019712029,'75a218m7729'),(18,3,'Rajath',9986632654,'49a144m3758'),(19,10,'Varun V',9945535254,'96a687m3755'),(20,6,'Deepak Narayan K S',9886518995,'58a388m5657'),(21,12,'Pratik A',8951189986,'82a556m3257'),(22,19,'Ken',8089895592,'29a322m1159'),(23,5,'Aditya',9620048224,'21a236m7045'),(24,31,'Soundarya',8123964815,'86a956m6536'),(25,21,'Priya',9007489968,'29a630m1007'),(26,20,'Saurabh',8884011183,'49a981m7871'),(27,39,'Prakhar',7760863688,'97a611m9193'),(28,23,'Alan',8147807296,'56a485m1512'),(29,33,'Karan',8861943029,'45a978m2926'),(30,14,'Toyesh',9738830573,'67a622m4844'),(31,15,'Himanshu M',9738597281,'73a888m3734'),(32,9,'Snishtha',9879084401,'67a285m3022'),(33,2,'Ajay R',7204701858,'12a832m3038'),(34,32,'Akash ',8147728220,'96a183m8405'),(35,11,'Shreyas',8553977260,'10a411m4688'),(36,16,'Saahil',8951601542,'31a406m9339'),(37,1,'Karan',8861943029,'57a354m3153');
/*!40000 ALTER TABLE `eventhead` ENABLE KEYS */;
UNLOCK TABLES;

--
-- Table structure for table `events`
--

DROP TABLE IF EXISTS `events`;
/*!40101 SET @saved_cs_client     = @@character_set_client */;
/*!40101 SET character_set_client = utf8 */;
CREATE TABLE `events` (
  `event_id` int(11) NOT NULL AUTO_INCREMENT,
  `event_name` varchar(50) NOT NULL,
  `no_of_registrations` int(11) NOT NULL DEFAULT '0',
  `max_registrations` int(11) NOT NULL,
  `fee` int(11) NOT NULL,
  PRIMARY KEY (`event_id`),
  UNIQUE KEY `event_name` (`event_name`)
) ENGINE=InnoDB AUTO_INCREMENT=45 DEFAULT CHARSET=latin1;
/*!40101 SET character_set_client = @saved_cs_client */;

--
-- Dumping data for table `events`
--

LOCK TABLES `events` WRITE;
/*!40000 ALTER TABLE `events` DISABLE KEYS */;
INSERT INTO `events` VALUES (1,'Star Quest',51,51,50),(2,'Tug Of War',10,10,200),(3,'Comic Quest',25,25,150),(4,'Dumb And Dumber',24,24,150),(5,'Capture',17,17,100),(6,'Sherlocked',16,16,150),(7,'Gully Cricket',31,31,300),(8,'F UTSAHA L',14,14,300),(9,'Ping Pong Women',6,6,100),(10,'Ping Pong Men',16,16,100),(11,'Volleyball',6,6,300),(12,'Basketball',12,12,150),(13,'Arrow',23,23,50),(14,'FIFA',49,49,100),(15,'Counter Stike',7,7,250),(16,'Dota ',14,14,100),(17,'Mini Militia',27,27,150),(18,'FRIENDS and GOT quiz',18,18,200),(19,'Break a leg',12,12,100),(20,'Group Dance',3,3,500),(21,'Fashion Show',5,5,3000),(22,'Jigglypuff',42,42,50),(23,'Roar',26,26,100),(24,'Death by food',30,30,100),(25,'Beg Borrow Steal',25,25,150),(26,'General Quiz',29,29,100),(27,'Gone in sixty seconds',16,16,100),(29,'Meme Design',48,48,50),(31,'Circuit Debugging',11,11,100),(32,'Ballooned',7,7,100),(33,'Taboo',8,8,100),(34,'Mock Naukri',35,35,100),(35,'Dr Rubix',20,20,50),(36,'Typathon',25,25,50),(37,'Code Runner',22,22,50),(38,'Google it',21,21,100),(39,'PSYCH',17,17,50);
/*!40000 ALTER TABLE `events` ENABLE KEYS */;
UNLOCK TABLES;

--
-- Table structure for table `members`
--

DROP TABLE IF EXISTS `members`;
/*!40101 SET @saved_cs_client     = @@character_set_client */;
/*!40101 SET character_set_client = utf8 */;
CREATE TABLE `members` (
  `name` varchar(50) NOT NULL,
  `password` varchar(50) NOT NULL,
  `phno` bigint(10) NOT NULL,
  `super` tinyint(1) NOT NULL DEFAULT '0',
  `Login` tinyint(1) NOT NULL DEFAULT '0',
  PRIMARY KEY (`name`,`password`),
  UNIQUE KEY `phno` (`phno`)
) ENGINE=InnoDB DEFAULT CHARSET=latin1;
/*!40101 SET character_set_client = @saved_cs_client */;

--
-- Dumping data for table `members`
--

LOCK TABLES `members` WRITE;
/*!40000 ALTER TABLE `members` DISABLE KEYS */;
INSERT INTO `members` VALUES ('Aakash kotha','dummypassword',9902512639,0,1),('Abhilash','dummypassword',9743688426,1,1),('Aditya chakravarthy','dummypassword',9900653344,0,1),('Akshay narain singh','dummypassword',9632325727,0,1),('Akshay padesur','dummypassword',9066556837,0,1),('Akshaya','dummypassword',9986755017,0,1),('Aman','masteronway',1234567890,1,1),('Ashish pandey','dummypassword',8496832474,0,1),('Ashutosh mishra','dummypassword',8866468683,0,1),('Bashar','dummypassword',9902147636,0,1),('Bhargav S','dummypassword',8861048971,0,1),('Bibhu ranjan ','dummypassword',9155818219,0,1),('Brijesh','dummypassword',9740091290,0,1),('Calvin','dummypassword',9843745339,0,1),('Dilasha','dummypassword',8088548474,0,1),('Enzee','topper123',7406221761,1,1),('Gaurav sarraf','dummypassword',8431509609,0,1),('Ghost','shotgun048',7760038110,1,1),('Hariharan','dummypassword',9745602050,0,1),('Harshithaa ','87654321',9738753953,0,1),('Hitesh h m','dummypassword',9740375137,0,1),('Jaspreet singh dua','dummypassword',8088669044,0,1),('Jayasurya','utsahapwd',8197360630,1,1),('Jivesh Bodh','dummypassword',9900262098,0,1),('Karen ballal','dummypassword',9620852548,0,1),('Keerthana','dummypassword',8861193520,0,1),('Kishan','donthack576',9741471394,1,1),('Kumar Rohit','dummypassword',9591824016,0,1),('Meghna hebbar','dummypassword',7411627520,0,1),('Nakul','dummypassword',9590655835,0,1),('Nishant','dummypassword',8197911888,0,1),('Prakhar bichpuriya','mammanprax',8951560260,0,1),('Prashanth Sir','9448874716',9448874716,0,1),('Pratham','dummypassword',8128502995,0,1),('Pravathi V','p9620880549',9620880549,0,1),('Rakesh A S','dummypassword',9731177080,0,1),('Ratan Shet','dummypassword',9164542983,0,1),('Ravi A G','dummypassword',9483963774,0,1),('Reshma R','dummypassword',9008054403,0,1),('Sadam','dummypassword',8904358335,0,1),('Sahil bajgain','dummypassword',8951601542,0,1),('Sakshi','dummypassword',9972853075,0,1),('Sanath Kumar','dummypassword',9686368310,0,1),('Sandy','9148496661',9148496662,0,1),('Shekhar','dummypassword',8050137028,0,1),('Shimjith','dummypassword',7760663095,0,1),('Shiv Mangal','7795506888',7795506800,1,1),('Shreyas','87654321',8553802063,0,1),('Sravya B','dummypassword',9008591133,0,1),('Suruchi','sachin1234',8123564480,0,1),('Thejaswini ','dummypassword',9008637144,0,0),('Vedant','dummypassword',9482502001,0,1),('Vikash mishra','12345678',9402297681,0,1),('Vikshit','vikshit1',9916111381,1,1);
/*!40000 ALTER TABLE `members` ENABLE KEYS */;
UNLOCK TABLES;

--
-- Table structure for table `participants`
--

DROP TABLE IF EXISTS `participants`;
/*!40101 SET @saved_cs_client     = @@character_set_client */;
/*!40101 SET character_set_client = utf8 */;
CREATE TABLE `participants` (
  `id` int(11) NOT NULL AUTO_INCREMENT,
  `name` varchar(50) NOT NULL,
  `phno` bigint(10) NOT NULL,
  `college` varchar(50) NOT NULL,
  `event` varchar(50) NOT NULL,
  `timestamp` timestamp NOT NULL DEFAULT CURRENT_TIMESTAMP ON UPDATE CURRENT_TIMESTAMP,
  `unique_id` varchar(11) NOT NULL,
  `registrar_name` varchar(50) NOT NULL,
  PRIMARY KEY (`id`)
) ENGINE=InnoDB AUTO_INCREMENT=836 DEFAULT CHARSET=latin1;
/*!40101 SET character_set_client = @saved_cs_client */;

--
-- Dumping data for table `participants`
--

LOCK TABLES `participants` WRITE;
/*!40000 ALTER TABLE `participants` DISABLE KEYS */;
INSERT INTO `participants` VALUES (1,'Shiva Kumar A',8105257593,'BRINDAVAN COLLEGE OF ENGINEERING','Dr Rubix','2017-04-17 12:15:29','377-153-201','Akshay padesur'),(2,'Mazin',8792608479,'SAIT','FIFA','2017-04-17 12:15:49','571-762-236','Bashar'),(3,'Vivek BR',9731074413,'SVIT','Jigglypuff','2017-04-17 12:25:51','163-160-359','Brijesh'),(4,'Harshitha',7259464601,'Sambhram Institute of Technology','Break a leg','2017-04-17 12:28:36','875-828-338','Bashar'),(7,'Parnish Baruah',9678110766,'Presidency university','Ping Pong Men','2017-04-17 12:39:15','930-341-944','Hariharan'),(9,'Prerana RN',9902835739,'RLJIT','Beg Borrow Steal','2017-04-17 12:39:34','525-634-583','Suruchi'),(10,'Puneet Sharma',8050176370,'Presidency university','Ping Pong Men','2017-04-17 12:40:40','731-886-556','Hariharan'),(11,'Prerana RN',9902835739,'RLJIT','Comic Quest','2017-04-17 12:41:14','759-217-786','Suruchi'),(12,'Tejas Waghmare',9766527307,'Presidency university','Ping Pong Men','2017-04-17 12:41:21','335-231-541','Hariharan'),(13,'Aysha Sayed Iqbal',8660673102,'Presidency university','Ping Pong Women','2017-04-17 12:41:56','445-438-901','Hariharan'),(15,'Pavithra',8217811516,'Rljit','Comic Quest','2017-04-17 12:44:06','987-355-728','Suruchi'),(16,'Pavithra',8217811516,'Rljit','Beg Borrow Steal','2017-04-17 12:44:46','803-122-979','Suruchi'),(17,'Srinivas',9945587695,'SVIT','Basketball','2017-04-17 12:46:16','585-447-614','Brijesh'),(18,'Teja gowd',9912264897,'RLJIT','Comic Quest','2017-04-17 12:49:50','152-122-912','Suruchi'),(19,'Aishwarya',7022743497,'Sambhram College of engineering ','Dr Rubix','2017-04-17 12:51:08','839-220-507','Bashar'),(20,'Vinay',8152092929,'RLJIT','Gully Cricket','2017-04-17 12:58:33','591-209-753','Suruchi'),(21,'Edwin',9980567604,'Reva university','Dota ','2017-04-17 12:59:02','414-157-490','Nakul'),(22,'Vishwas',9108695873,'Reva university','Dota ','2017-04-17 12:59:55','807-793-818','Nakul'),(23,'Kartik Sharma',7795456882,'SVIT','F UTSAHA L','2017-04-17 13:00:42','831-172-173','Brijesh'),(25,'Prithvi',9632555812,'Presidency university','Google it','2017-04-17 13:02:01','109-772-584','Hariharan'),(26,'Simran Jha',8904726126,'Presidency university','Ping Pong Women','2017-04-17 13:04:51','733-324-669','Hariharan'),(27,'Nitin tripathi',8553032735,'SVCE','Mini Militia','2017-04-17 13:30:17','636-370-917','Vikash mishra'),(28,'Tanzil Khatri',7349498293,'Presidency university','Ping Pong Men','2017-04-17 13:06:20','159-285-649','Hariharan'),(29,'Aman',9482593293,'MSRIT','General Quiz','2017-04-17 13:06:22','178-519-279','Calvin'),(30,'Sri lakshmi u b',8904864865,'Sait','Dumb And Dumber','2017-04-17 13:07:14','475-584-826','Bashar'),(31,'Sri lakshmi u b',8904864865,'Sait','Sherlocked','2017-04-17 13:07:40','545-805-372','Bashar'),(32,'Monisha',8867573433,'Rljit','Comic Quest','2017-04-17 13:08:42','176-998-141','Suruchi'),(33,'Joseph verghis',9620721681,'Presidency university','Star Quest','2017-04-17 13:09:15','372-379-934','Hariharan'),(34,'Abhishek',9449310421,'Sait','FRIENDS and GOT quiz','2017-04-17 13:12:01','639-321-541','Bashar'),(35,'Abhishek',8971975058,'SVCE','Capture','2017-04-17 13:13:30','570-216-451','Vikash mishra'),(36,'Nitin tripathi',8553032735,'SVCE','Star Quest','2017-04-17 13:14:22','598-642-184','Vikash mishra'),(37,'Balaji n',8197573480,'Presidency university','Death by food','2017-04-17 13:23:15','697-286-817','Hariharan'),(38,'Honey Sudhilal',7996069049,'Presidency university','Break a leg','2017-04-17 13:25:30','721-621-844','Hariharan'),(39,'Abishekh ',8971975058,'SVCE ','Capture','2017-04-17 13:30:02','541-582-142','Vikash mishra'),(40,'Himaja',9632283881,'Rljit','Star Quest','2017-04-17 13:33:04','496-274-879','Suruchi'),(41,'Harichandan',9964501035,'Reva university','Google it','2017-04-17 13:33:23','765-862-277','Nakul'),(42,'Fairy queen',8746972548,'Presidency university','Jigglypuff','2017-04-17 13:34:26','276-843-210','Hariharan'),(43,'Amnshuman',9008883915,'BMSIT','FIFA','2017-04-17 13:34:45','108-831-856','Calvin'),(44,'Kavya s',9741093826,'Presidency university','Jigglypuff','2017-04-17 13:35:00','185-829-246','Hariharan'),(45,'Manuja',9632283881,'Rljit','Star Quest','2017-04-17 13:35:19','433-274-939','Suruchi'),(46,'Nidhisha',7411468538,'Presidency university','Jigglypuff','2017-04-17 13:35:35','466-678-402','Hariharan'),(47,'Rahul oliver',7795742295,'Reva university','FRIENDS and GOT quiz','2017-04-17 13:38:22','943-915-976','Nakul'),(48,'Lavisha tak',9206998434,'Presidency university','Jigglypuff','2017-04-17 13:44:08','839-721-400','Akshay padesur'),(49,'Jitesh kumar',9071182421,'Presidency university','FIFA','2017-04-17 13:45:24','172-677-528','Akshay padesur'),(50,'Hemalatha',8892903425,'Presidency university','Comic Quest','2017-04-17 13:46:03','152-254-260','Hariharan'),(51,'Aromal',9019325770,'Sait ','Star Quest','2017-04-17 14:01:03','694-823-774','Bashar'),(52,'Prasad km',7090022109,'Sambhram','Star Quest','2017-04-17 14:01:18','895-339-486','Bashar'),(53,'Fazil',8589941912,'Sait ','Star Quest','2017-04-17 14:01:54','507-300-213','Bashar'),(54,'Reesha',8553087554,'Reva university','Code Runner','2017-04-17 14:02:31','162-503-865','Nakul'),(55,'Rakshit',7204033695,'Reva university','Code Runner','2017-04-17 14:02:53','206-991-409','Nakul'),(56,'Rakshith',7204033695,'Reva university','Google it','2017-04-17 14:04:07','241-503-731','Nakul'),(57,'Akshay',7026185126,'RLJIT','Star Quest','2017-04-17 14:12:36','214-789-580','Suruchi'),(58,'Akhil',9741467338,'RLJIT','Star Quest','2017-04-17 14:13:23','725-578-941','Suruchi'),(59,'Gururaj',9980712835,'RLJIT','Star Quest','2017-04-17 14:15:47','248-189-466','Suruchi'),(60,'Hemanth ',9731092078,'Rljit','Counter Stike','2017-04-17 14:16:42','334-920-165','Suruchi'),(61,'Ayushi Tyagi',8073983498,'NIFT','Jigglypuff','2017-04-17 14:21:32','730-511-292','Bashar'),(63,'Hemanth',9620099895,'RLJIT','Mini Militia','2017-04-17 14:27:09','956-300-793','Suruchi'),(64,'Chaitanya',7287972984,'Rljit','Gully Cricket','2017-04-17 14:28:00','914-964-890','Suruchi'),(65,'Aishmita',7760559392,'Sait','Jigglypuff','2017-04-17 14:31:52','961-218-288','Bashar'),(66,'Chirag',8867493507,'RLJIT','Mini Militia','2017-04-17 14:32:29','567-593-775','Suruchi'),(67,'Kiran Kumar ',8970171106,'RLJIT','Gully Cricket','2017-04-17 14:43:06','696-284-544','Suruchi'),(68,'Sathya pavithra',9035405493,'SVIT','Sherlocked','2017-04-17 14:45:11','198-772-302','Brijesh'),(69,'Rachna',8951286397,'RLJIT','Comic Quest','2017-04-17 14:49:04','141-754-377','Suruchi'),(70,'Sindhu',9206516229,'Sait ','Jigglypuff','2017-04-17 14:50:43','334-298-507','Bashar'),(71,'Sharmlila',7996070715,'RLJIT','Comic Quest','2017-04-17 14:52:21','260-240-475','Suruchi'),(72,'Vandana',7619389324,'Rljit','Dr Rubix','2017-04-17 14:52:30','499-700-926','Suruchi'),(73,'Prerna rc',9886616488,'SVIT','FRIENDS and GOT quiz','2017-04-17 14:52:36','171-893-950','Brijesh'),(74,'Soundarya',9740463896,'Reva university','Jigglypuff','2017-04-17 15:00:00','401-620-796','Nakul'),(75,'Christopher ',9480976452,'Sambhram','Gully Cricket','2017-04-17 15:00:20','741-859-675','Bashar'),(76,'Anurag',9632207202,'Sait','Roar','2017-04-17 15:01:05','283-223-146','Bashar'),(77,'Kshithij',9448220292,'Atria institute of technology ','Ballooned','2017-04-17 15:04:15','278-822-219','Calvin'),(78,'Karthik',9738165031,'Sait','Roar','2017-04-17 15:04:32','924-496-272','Bashar'),(79,'Shriram',8277385797,'Cambridge Institutute of technology ','Counter Stike','2017-04-17 15:05:42','226-768-112','Vikash mishra'),(80,'Sai sagar k r',9902487947,'SVIT','Capture','2017-04-17 15:12:18','676-687-941','Brijesh'),(81,'Krishna Chaitanya',9738402332,'SVIT','Capture','2017-04-17 15:12:51','961-659-549','Brijesh'),(82,'Rahul Nanda',8951895769,'SVIT','Basketball','2017-04-17 15:14:59','651-681-888','Brijesh'),(83,'Rahul Nanda',8951895769,'SVIT','Mini Militia','2017-04-17 15:22:45','997-374-933','Brijesh'),(84,'Sarvesh',9148500657,'Presidency university','Tug Of War','2017-04-17 13:30:53','414-409-858','Hariharan'),(85,'Rishab',7000585338,'Presidency university','Gully Cricket','2017-04-17 15:23:56','662-453-363','Hariharan'),(86,'Vidyasagar',8867346705,'Sait','Star Quest','2017-04-17 15:24:33','746-996-409','Bashar'),(87,'Venkatesh K',9901990167,'Sait','Star Quest','2017-04-17 15:25:11','414-214-728','Bashar'),(88,'Ramya g',7795518466,'Sait','Star Quest','2017-04-17 15:25:45','593-276-690','Bashar'),(89,'Imad',9741196149,'Reva university ','FIFA','2017-04-17 15:39:01','977-525-971','Nakul'),(90,'Sparsh',9590458134,'Reva university ','FIFA','2017-04-17 15:45:16','611-436-895','Nakul'),(91,'Vishal E',9916607980,'KNS Institute of technology','Jigglypuff','2017-04-17 15:49:03','778-921-291','Akshay padesur'),(92,'Harshit bajpay',9482884691,'Reva university','Mini Militia','2017-04-17 15:53:15','395-814-336','Nakul'),(93,'Manoj s m',9900765698,'SVCE','Gully Cricket','2017-04-17 16:01:33','979-210-426','Keerthana'),(95,'Anjan Kumar',9686585893,'Sait','Gone in sixty seconds','2017-04-17 16:14:23','188-558-472','Bashar'),(96,'Purshotham',9741865366,'SVIT','Roar','2017-04-17 16:15:46','226-399-776','Brijesh'),(97,'Vaibhav belur',8792626032,'Presidency university ','FIFA','2017-04-17 16:17:46','363-832-160','Hariharan'),(98,'Steve jose',9008968765,'Presidency university ','FIFA','2017-04-17 16:18:18','656-105-305','Hariharan'),(99,'Siddharth',9741675267,'Citech','Mock Naukri','2017-04-17 16:21:24','458-403-409','Vikash mishra'),(100,'Rakshith',9886167532,'Citech','Dota ','2017-04-17 16:27:12','527-185-514','Vikash mishra'),(101,'Frank ',9916720592,'Cambridge institute of technology ','F UTSAHA L','2017-04-17 16:30:15','485-395-104','Vikash mishra'),(102,'Piyush',8095284135,'Sait','Jigglypuff','2017-04-17 16:33:10','540-654-919','Bashar'),(103,'Anup',9036334264,'Sait','Mini Militia','2017-04-17 16:38:18','168-413-204','Bashar'),(104,'Ravi Shankar',7897925326,'SVIT','Star Quest','2017-04-17 16:45:45','879-801-873','Brijesh'),(105,'Sapna',7349031241,'CMR University','Break a leg','2017-04-17 18:32:11','113-145-175','Akshay padesur'),(106,'Sunil',8123368458,'MS engineering college','Volleyball','2017-04-18 11:50:21','732-512-662','Suruchi'),(107,'Priyanka',8884695081,'Alpha engineering college','Circuit Debugging','2017-04-18 12:02:12','723-605-692','Akshaya'),(109,'Pruthvi',7026970898,'MS engineering college','Break a leg','2017-04-18 12:20:29','889-331-887','Suruchi'),(110,'Siddharth',7411446873,'MS engineering college','Death by food','2017-04-18 12:22:46','912-261-681','Suruchi'),(111,'Prashanth R',9743841472,'MS engineering college','Death by food','2017-04-18 12:23:23','651-487-669','Suruchi'),(112,'Rubin',9632383321,'Alpha engineering college','Star Quest','2017-04-18 12:31:22','686-266-420','Akshaya'),(113,'vaishnavi y',9663871542,'east west','Jigglypuff','2017-04-18 12:35:23','675-758-314','Bibhu ranjan '),(114,'Gurudatha',9164447197,'MS engineering college','Jigglypuff','2017-04-18 12:35:23','917-908-991','Suruchi'),(115,'Yash Khurana',9984034161,'ICES','FIFA','2017-04-18 13:06:32','271-856-797','Brijesh'),(116,'Harish',9972133931,'Alpha college ','Mini Militia','2017-04-18 13:07:18','908-868-172','Akshaya'),(117,'Varun',9972800339,'Svce','F UTSAHA L','2017-04-18 13:09:19','530-757-186','Nakul'),(119,'Saketh ',7204428123,'Bmsit','Jigglypuff','2017-04-18 13:13:55','607-322-483','Nakul'),(120,'Harish',9972133931,'Alpha engineering college','Sherlocked','2017-04-18 13:16:45','830-449-117','Akshaya'),(121,'ramesh suthar',8618015682,'ICES','Capture','2017-04-18 13:20:50','220-373-800','Brijesh'),(122,'Suraj singh',9902486363,'Atria','Dota ','2017-04-18 13:20:58','686-313-577','Keerthana'),(123,'Jawaaz Ahmed',7889419668,'Alpha engineering college','Tug Of War','2017-04-18 13:21:30','683-518-848','Akshaya'),(124,'Chandramukhi',7619600988,'Alpha College ','Jigglypuff','2017-04-18 13:27:47','879-320-502','Akshaya'),(125,'Tausif',9538518106,'Alpha engineering college','Dumb And Dumber','2017-04-18 13:29:15','714-220-483','Akshaya'),(126,'Persis',9620724482,'Alpha college of engineering','Jigglypuff','2017-04-18 13:29:18','412-979-435','Akshaya'),(127,'Riya',7829727130,'Alpha engineering college','Beg Borrow Steal','2017-04-18 13:33:58','822-789-209','Akshaya'),(128,'Jerry',8792792645,'Alpha college','F UTSAHA L','2017-04-18 13:39:48','949-658-142','Akshaya'),(129,'Udresh',8884308364,'Alpha engineering college','Death by food','2017-04-18 13:41:30','375-580-132','Akshaya'),(130,'Jithin Raj',9742198968,'Cmrit','Roar','2017-04-18 13:43:10','177-407-882','Keerthana'),(131,'vinod kumar',9743496804,'ICEAS','Gully Cricket','2017-04-18 13:45:39','973-403-312','Brijesh'),(132,'Mohan',7022063640,'Alpha engineering college','Death by food','2017-04-18 13:58:44','448-439-534','Akshaya'),(133,'Akshay c',9686692942,'East west','Jigglypuff','2017-04-18 14:04:15','745-866-646','Bibhu ranjan '),(134,'Akshay c',9686692942,'East west','Break a leg','2017-04-18 14:04:42','707-605-202','Bibhu ranjan '),(135,'Chethan sj',8792793797,'East west','Capture','2017-04-18 14:13:27','104-666-377','Bibhu ranjan '),(136,'Harshith p',9742690900,'East west','Jigglypuff','2017-04-18 14:14:36','287-322-131','Bibhu ranjan '),(137,'Ambu pawar',9035966627,'East west','Jigglypuff','2017-04-18 14:18:15','893-655-525','Bibhu ranjan '),(138,'Zameer khan',9731819670,'CMRIT','Star Quest','2017-04-18 14:31:50','579-725-795','Keerthana'),(139,'Zameer',9731819670,'CMRIT','Star Quest','2017-04-18 14:34:20','550-229-839','Keerthana'),(140,'Prasunn',7598245369,'Bmsit','Dr Rubix','2017-04-18 14:39:31','173-429-699','Jaspreet singh dua'),(141,'Saagar v',7019729489,'East west','Counter Stike','2017-04-18 14:40:28','977-889-802','Bibhu ranjan '),(142,'Jaiaditya Singh',8095944625,'Sri Krishna institute of technology','FIFA','2017-04-18 14:49:56','333-595-621','Jaspreet singh dua'),(143,'Sandeep',7411533153,'Vvit','Dota ','2017-04-18 14:51:03','611-262-789','Akshaya'),(144,'Umanga Chapagain',8951474419,'CMRIT','Code Runner','2017-04-18 14:58:37','760-731-732','Keerthana'),(145,'Gautam',8904474985,'Vvit','Jigglypuff','2017-04-18 15:23:54','255-273-921','Akshaya'),(146,'Priyanka',9739359170,'Vvit','Star Quest','2017-04-18 15:25:42','430-139-133','Akshaya'),(147,'Gautam',8904474985,'Vvit','Star Quest','2017-04-18 15:26:23','380-332-310','Akshaya'),(148,'edwin',8553795273,'ICEAS','Star Quest','2017-04-18 15:27:06','658-827-199','Brijesh'),(149,'Shridhar',8904474985,'Vvit','Comic Quest','2017-04-18 15:27:32','696-938-384','Akshaya'),(150,'Edwin',8553795273,'ICEAS','FIFA','2017-04-18 15:27:41','171-352-985','Brijesh'),(151,'Vaishna',9739004503,'Jain University ','Star Quest','2017-04-18 15:35:51','448-580-992','Bashar'),(152,'Victor ',8861181256,'ISA','Meme Design','2017-04-18 15:48:08','811-993-425','Brijesh'),(153,'Bhavya suhalka',8386866606,'ISA','Capture','2017-04-18 15:51:25','807-939-537','Brijesh'),(154,'Roshin thankachan',8301875449,'ISA','Capture','2017-04-18 15:52:35','292-190-746','Brijesh'),(155,'Nithya',9986758554,'ISA','Taboo','2017-04-18 16:05:43','411-457-939','Brijesh'),(156,'Rachitha',9620686450,'Oxford college of engineering','Capture','2017-04-18 16:29:42','860-533-938','Bashar'),(157,'Vineeth muthanna',8762026646,'Cmrit','Ping Pong Men','2017-04-18 16:46:03','779-782-848','Keerthana'),(158,'Vineeth Muthanna',7975695509,'CMRIT','Ping Pong Men','2017-04-18 16:48:23','662-803-719','Keerthana'),(159,'Charan',9738640150,'Sait','Gully Cricket','2017-04-18 21:10:11','968-510-520','Bashar'),(160,'Swara',9341806234,'Pes University','Star Quest','2017-04-18 22:21:17','556-236-877','Bashar'),(162,'nitesh sahu',7587145828,'Dayanand sagar engineering collage','Star Quest','2017-04-19 10:12:25','536-567-541','Bibhu ranjan '),(163,'Shivraj Singh Chauhan',8602943459,'Dayanand sagar collage of engineering','Star Quest','2017-04-19 10:14:26','538-829-639','Bibhu ranjan '),(164,'Nandeesh',9980840202,'Msrit','Meme Design','2017-04-19 10:40:50','848-800-199','Calvin'),(165,'Charan',7760436349,'Gitam University ','Volleyball','2017-04-19 12:32:48','133-284-796','Hariharan'),(166,'Vishnu',9739946345,'Acharya Institute of technology ','Basketball','2017-04-19 12:57:07','259-353-659','Sandy'),(167,'Venkat sai',7348928280,'Gitam University ','Death by food','2017-04-19 13:00:01','567-188-454','Hariharan'),(168,'Prathap sagar S ',9036406836,'Acharya Institute of technology ','Sherlocked','2017-04-19 13:34:43','710-497-420','Sandy'),(169,'Phani',8296431655,'Gitam University ','Gully Cricket','2017-04-19 13:40:52','345-379-577','Hariharan'),(170,'Sneha',9900763459,'Gitam university','Mock Naukri','2017-04-19 13:51:08','866-353-752','Hariharan'),(171,'Leya',9611139108,'Acharya Institute of technology ','Star Quest','2017-04-19 13:51:46','749-875-888','Sandy'),(172,'Bindu pallakki',9972260081,'Acharya Institute of technology ','Star Quest','2017-04-19 13:52:26','244-694-937','Sandy'),(173,'Pavan kalyan',7348928339,'Gitam University ','Mock Naukri','2017-04-19 14:14:46','261-128-694','Hariharan'),(174,'Dilip naidu g',7847840867,'Acharya Institute of technology ','Star Quest','2017-04-19 14:25:51','421-901-166','Sandy'),(175,'Pavan',9611097951,'Gitam University','Mock Naukri','2017-04-19 14:35:25','693-927-362','Hariharan'),(176,'Chingla marma',8951578960,'Acharya Institute of technology ','Mini Militia','2017-04-19 14:39:55','230-880-949','Sandy'),(177,'Reuben',7022498841,'Acharya Institute ','Star Quest','2017-04-19 15:09:42','445-713-544','Sandy'),(178,'faisal',7204267288,'new horizon','Sherlocked','2017-04-19 15:13:40','886-455-586','Harshithaa '),(179,'faisal',7204267288,'new horizon','Google it','2017-04-19 15:15:04','556-332-720','Harshithaa '),(180,'mythri',9743931084,'new horizon','Ballooned','2017-04-19 15:17:06','303-360-471','Harshithaa '),(181,'deekshitha',9743931084,'msrit','Beg Borrow Steal','2017-04-19 15:18:19','379-692-409','Harshithaa '),(182,'anirudh',8296376037,'new horizon','Capture','2017-04-19 15:19:21','191-664-679','Harshithaa '),(183,'rajshekhar',7090964366,'presidency','Google it','2017-04-19 15:22:37','358-759-341','Harshithaa '),(184,'brijesh',7897925326,'gitam','Death by food','2017-04-19 15:24:14','314-992-577','Harshithaa '),(185,'sanjana',9743931084,'nagarjuna','Comic Quest','2017-04-19 15:25:34','771-542-669','Harshithaa '),(186,'pooja',8277350790,'msrit','Death by food','2017-04-19 15:33:05','490-781-937','Harshithaa '),(187,'pavan',9945209498,'sapthagiri','FRIENDS and GOT quiz','2017-04-19 15:39:26','442-489-478','Harshithaa '),(188,'Rahul',7680994828,'Gitam university','Death by food','2017-04-19 15:48:25','482-258-595','Hariharan'),(189,'Muhammad khan',9652839151,'Gitam University ','Death by food','2017-04-19 16:01:51','293-868-770','Hariharan'),(190,'Chandunath',8296432435,'Gitam University ','Mock Naukri','2017-04-19 16:24:27','277-859-530','Hariharan'),(191,'Mahideep',9535975947,'Gitam University ','Mini Militia','2017-04-19 16:31:21','928-199-970','Hariharan'),(192,'Siddharth',9741602955,'Citech','Mock Naukri','2017-04-19 16:40:00','584-421-595','Vikash mishra'),(193,'Ram',8197197871,'Gitam University ','Roar','2017-04-19 16:44:10','661-197-316','Hariharan'),(194,'Bhanu prasad',8296432374,'Gitam University ','Death by food','2017-04-19 17:04:54','344-290-801','Hariharan'),(195,'Ashitha',7624948732,'Gitam University','Code Runner','2017-04-19 17:06:40','877-388-887','Hariharan'),(196,'Navya',8296641494,'Gitam University ','Jigglypuff','2017-04-19 17:11:50','105-911-187','Hariharan'),(197,'Sai kumar',8277350666,'Gitam University','Roar','2017-04-19 17:24:28','143-203-280','Hariharan'),(198,'Sandeep',8296431635,'Gitam University','Mock Naukri','2017-04-19 17:57:52','538-337-785','Hariharan'),(200,'Rajesh reddy',7675064956,'Gitam University ','Mock Naukri','2017-04-19 18:03:15','246-225-631','Hariharan'),(201,'Sri Lakshmi',9738975375,'Gitam University','Mock Naukri','2017-04-19 18:06:41','352-450-614','Hariharan'),(202,'Jothish',9980588570,'Gitam University','Mini Militia','2017-04-19 18:21:51','757-256-172','Hariharan'),(203,'varna shetty',8660935654,'sapthagiri','Break a leg','2017-04-19 18:36:16','193-890-728','Harshithaa '),(204,'Srinidhi',8310610021,'East west','Mini Militia','2017-04-19 20:57:56','952-677-713','Bibhu ranjan '),(205,'Shubhangi',8884565500,'Reva ','Google it','2017-04-20 10:50:19','331-807-389','Meghna hebbar'),(206,'Akhil kholi ',9632437891,'Reva','Jigglypuff','2017-04-20 10:56:41','849-189-436','Bibhu ranjan '),(207,'Akhil kohli',9632437891,'Reva ','Death by food','2017-04-20 10:58:38','633-166-988','Bibhu ranjan '),(208,'Shrikant Yadav ',7996839357,'Reva ','Death by food','2017-04-20 10:59:47','562-113-589','Bibhu ranjan '),(209,'Teja vishnu',9632437891,'Reva','Death by food','2017-04-20 11:00:55','533-805-184','Bibhu ranjan '),(210,'Deepak',9740720910,'Reva','Code Runner','2017-04-20 11:34:34','816-617-417','Dilasha'),(211,'Spoorti ',9742650278,'Reva','Dumb And Dumber','2017-04-20 11:34:35','180-908-648','Bibhu ranjan '),(212,'Soumyadeep ghosh',8197427004,'Reva','Dumb And Dumber','2017-04-20 11:39:58','864-758-686','Bibhu ranjan '),(213,'Yogesh',7899989577,'Reva','Gully Cricket','2017-04-20 11:59:26','548-649-957','Dilasha'),(215,'Mayank Aman Singh',7899792289,'SJBIT','Comic Quest','2017-04-20 12:55:47','800-235-164','Sandy'),(216,'Satish',9535585929,'Reva','Star Quest','2017-04-20 10:45:36','664-383-925','Dilasha'),(217,'Tanmay',9473136532,'Reva ','Star Quest','2017-04-20 10:45:25','678-693-110','Meghna hebbar'),(218,'Prakhar',8867097527,'Sjbit','Arrow','2017-04-20 13:23:21','238-472-808','Sandy'),(219,'Abhay',9900321980,'Sjbit','Death by food','2017-04-20 13:47:31','735-944-954','Sandy'),(220,'Reesha',8553087554,'Reva','Typathon','2017-04-20 10:48:50','391-558-845','Dilasha'),(221,'Alok',9986630722,'Sjbit','Comic Quest','2017-04-20 13:51:08','695-712-657','Sandy'),(222,'Khushboo',7411048671,'Sjbit','Typathon','2017-04-20 14:08:55','489-298-714','Sandy'),(223,'Naveen',7619136100,'SPCE','Gully Cricket','2017-04-21 11:47:08','314-923-265','Suruchi'),(224,'Hasan',9880787979,'SPCE','Gully Cricket','2017-04-21 11:47:43','395-112-290','Suruchi'),(226,'Sowrabha',9686674084,'Skit','Star Quest','2017-04-21 12:11:41','604-723-904','Hariharan'),(229,'Dhanu',9591826686,'Saptagiri college ','Jigglypuff','2017-04-21 12:37:00','860-665-944','Hariharan'),(230,'Bhanu Pratap yadav ',9483506235,'Saptagiri college','Star Quest','2017-04-21 12:46:54','683-271-219','Hariharan'),(231,'Arjun',8553291778,'SPCE','Gully Cricket','2017-04-21 12:50:11','525-499-379','Suruchi'),(232,'Sindhoora',9108372690,'Saptagiri college ','Dumb And Dumber','2017-04-21 13:02:02','170-129-114','Hariharan'),(233,'Uma devi',9663822559,'EAST WEST COLLEFE OF ENGINEERING','Mock Naukri','2017-04-21 13:06:55','146-945-963','Akshay narain singh'),(234,'Aditya',9591572866,'Saptagiri college ','Basketball','2017-04-21 13:16:13','706-790-814','Hariharan'),(235,'Rakshita',9880498019,'Saptagiri college','Star Quest','2017-04-21 13:19:54','285-732-662','Hariharan'),(237,'Harikrishna',9738432404,'RRIT','Counter Stike','2017-04-21 13:50:44','174-500-690','Ashutosh mishra'),(238,'Kiran',9036217294,'SPCE','Jigglypuff','2017-04-21 14:23:45','180-746-582','Suruchi'),(239,'Tejaswini BN',9663182586,'SPCE','Comic Quest','2017-04-21 14:24:29','316-417-758','Suruchi'),(240,'Meena',8904509717,'SPCE','Beg Borrow Steal','2017-04-21 14:25:06','294-507-554','Suruchi'),(241,'Ridhy',9739714996,'SPCE','Comic Quest','2017-04-21 14:26:06','756-187-692','Suruchi'),(242,'Shilpa',9620253761,'SPCE','Comic Quest','2017-04-21 14:26:37','753-314-236','Suruchi'),(243,'Poornima',9880183210,'SPCE','Beg Borrow Steal','2017-04-21 14:48:55','867-984-264','Suruchi'),(244,'Nisha',9845910088,'SPCE','Beg Borrow Steal','2017-04-21 14:49:44','378-251-151','Suruchi'),(245,'Nisha',9845910088,'SPCE','Dr Rubix','2017-04-21 14:50:07','975-947-811','Suruchi'),(246,'Rachana',8867321251,'Saptagiri college','Mock Naukri','2017-04-21 14:56:35','312-178-142','Hariharan'),(247,'Prakrithi',9902919840,'Saptagiri college ','Mock Naukri','2017-04-21 15:04:44','579-305-369','Hariharan'),(248,'Akansha chauhan',8296109489,'Saptagiri college','Mock Naukri','2017-04-21 15:04:54','689-743-542','Hariharan'),(249,'Radhika ',9986540145,'Sapthagiri ','Mock Naukri','2017-04-21 15:05:01','891-371-776','Hariharan'),(250,'Yashi',9460356949,'Saptagiri college ','Mock Naukri','2017-04-21 15:05:08','930-800-289','Hariharan'),(251,'Priyanka',9738506532,'Saptagiri college ','Group Dance','2017-04-21 15:37:03','520-857-538','Hariharan'),(252,'Reshikaa',7411466647,'Sapthagiri ','Dumb And Dumber','2017-04-21 15:38:52','879-848-461','Hariharan'),(253,'Harsh',9886401022,'East Point College of Engineering','Dr Rubix','2017-04-21 15:57:19','383-673-700','Akshay narain singh'),(254,'Harsh',9886401022,'East Point College of Engineering','Code Runner','2017-04-21 15:57:33','967-629-599','Akshay narain singh'),(255,'Navya',8748916893,'Saptagiri college','Dumb And Dumber','2017-04-21 16:28:36','184-849-391','Hariharan'),(256,'Namratha',8073112352,'Saptagiri college','Dumb And Dumber','2017-04-21 16:35:20','207-992-459','Hariharan'),(257,'Stuti singh',8088041712,'Saptagiri college','Dumb And Dumber','2017-04-21 16:43:19','313-297-467','Hariharan'),(259,'Kashif Sayeed',9066476135,'East Point College of Engineering','Jigglypuff','2017-04-21 16:53:33','785-735-641','Akshay narain singh'),(260,'Neha',9986081947,'Saptagiri college','Mock Naukri','2017-04-21 17:04:20','168-721-335','Hariharan'),(261,'Monica',9886910515,'Saptagiri college','Mock Naukri','2017-04-21 17:04:50','194-899-260','Hariharan'),(262,'Kushal',9986209984,'Saptagiri college','Dumb And Dumber','2017-04-21 17:06:00','220-734-928','Hariharan'),(263,'meenakshi ',8107886542,'bmsit','Typathon','2017-04-21 18:51:45','364-234-892','Bibhu ranjan '),(264,'Pankaj Mishra',7204293086,'BMSIT','Jigglypuff','2017-04-21 21:16:27','103-267-386','Ravi A G'),(265,'Shiv Mangal singh',7795506800,'BMSIT','PSYCH','2017-04-21 22:15:17','907-332-672','Prakhar bichpuriya'),(266,'Dhanush',9886411120,'BMSIT','Tug Of War','2017-04-21 22:15:20','159-305-956','Prakhar bichpuriya'),(267,'Prateek s',8050401395,'BMSIT','PSYCH','2017-04-21 22:16:03','742-604-482','Prakhar bichpuriya'),(268,'Bashar',9902147636,'BMSIT','FIFA','2017-04-21 22:19:14','870-537-841','Prakhar bichpuriya'),(269,'Bashar',9902147636,'BMSIT','Typathon','2017-04-21 22:19:23','235-914-529','Prakhar bichpuriya'),(270,'Aman Deep',9591780341,'Bmsit','FIFA','2017-04-21 22:27:53','354-529-330','Prakhar bichpuriya'),(271,'Ankit',9739892066,'Bmsit','FIFA','2017-04-21 22:30:36','614-722-265','Prakhar bichpuriya'),(272,'Vastvik',9066389383,'Bmsit','FIFA','2017-04-21 22:36:16','146-213-361','Prakhar bichpuriya'),(273,'Rahul',8861171499,'BMSIT','FIFA','2017-04-21 22:40:56','705-809-396','Prakhar bichpuriya'),(274,'Nikhil',9740075485,'BMSIT','FIFA','2017-04-21 22:41:23','753-899-239','Prakhar bichpuriya'),(275,'Vishnu',8982840823,'Bmsit','Sherlocked','2017-04-21 22:42:00','310-965-134','Prakhar bichpuriya'),(276,'Namnit',9740087437,'BMSIT','PSYCH','2017-04-21 22:45:50','708-405-998','Prakhar bichpuriya'),(277,'Nikhil',9740075485,'BMSIT','Ping Pong Men','2017-04-21 22:47:42','698-260-823','Prakhar bichpuriya'),(278,'Rameez Pathan',9024840273,'BMSIT','PSYCH','2017-04-21 22:50:06','692-999-548','Prakhar bichpuriya'),(279,'Ashwin',7000862282,'Bmsit','Arrow','2017-04-21 22:55:56','650-609-362','Prakhar bichpuriya'),(280,'Roshan',7619378243,'BMSIT','Mini Militia','2017-04-21 23:00:42','193-319-682','Prakhar bichpuriya'),(281,'Shaurya',8951596478,'BMSIT','FIFA','2017-04-21 23:07:22','390-652-142','Prakhar bichpuriya'),(282,'Suhiel',8197444590,'BMSIT','FIFA','2017-04-21 23:12:58','963-291-613','Prakhar bichpuriya'),(283,'Pratyush',7619363946,'BMSIT','Ballooned','2017-04-21 23:22:06','258-847-857','Prakhar bichpuriya'),(284,'Akash',8971439360,'BMSIT','Jigglypuff','2017-04-21 23:30:26','536-667-730','Prakhar bichpuriya'),(286,'asad ansari',8292050401,'bmsit','Typathon','2017-04-22 11:03:03','449-678-584','Bibhu ranjan '),(287,'asad ansari',8292050401,'bmsit','Code Runner','2017-04-22 11:03:20','122-406-136','Bibhu ranjan '),(288,'Piyali pal',8292050401,'bmsit','Code Runner','2017-04-22 11:05:15','902-740-689','Bibhu ranjan '),(289,'Poornima',9986606595,'MIAMS Udupi','Meme Design','2017-04-22 12:36:40','511-444-676','Pratham'),(290,'Danish',8431904401,'BMSIT','Gully Cricket','2017-04-22 18:26:43','987-368-169','Brijesh'),(291,'Aditya Kanadikar',7829179395,'BMSIT','Meme Design','2017-04-22 18:44:24','640-274-989','Pratham'),(292,'Abhinav Abhipriya',9036396875,'BMSIT','Meme Design','2017-04-22 18:45:29','622-132-150','Pratham'),(293,'Nikhil Jayanth',7795410910,'NIT Surathkal','Meme Design','2017-04-22 20:25:57','215-480-710','Pratham'),(294,'Navneet ranjan',9986527547,'East point college of engineering','Group Dance','2017-04-22 21:50:56','471-643-825','Akshay narain singh'),(295,'Varun V Deshpande',9035459633,'BMSIT','Meme Design','2017-04-23 08:32:40','887-797-590','Pratham'),(296,'Prathiksh S P',7760484472,'BMSIT','Meme Design','2017-04-23 11:18:14','408-833-420','Pratham'),(297,'Sandeep Pai',9902639724,'BMSIT','Meme Design','2017-04-23 11:37:18','694-610-464','Pratham'),(298,'Sourya Bhattacharya',9740375575,'BMSIT','Meme Design','2017-04-23 11:40:36','913-268-433','Pratham'),(299,'Suhas M S',8951411400,'BMSIT','Meme Design','2017-04-23 11:57:59','248-512-869','Pratham'),(300,'Sujith Prajapathi',8951263404,'BMSIT','Meme Design','2017-04-23 12:06:32','245-688-142','Pratham'),(301,'Abhijit M',9663646616,'BMSIT','Meme Design','2017-04-23 12:14:52','268-202-629','Pratham'),(302,'Pavan Rao',9900921427,'BMSIT','Meme Design','2017-04-23 12:19:41','884-713-662','Pratham'),(303,'Shrinath K',9620887992,'SJCE Mysuru','Meme Design','2017-04-23 12:25:30','740-771-716','Pratham'),(304,'Sundar Raman',8095548242,'BMSIT','Meme Design','2017-04-23 12:58:36','525-672-645','Pratham'),(305,'Abdullah',8904664240,'Bmsit','Gone in sixty seconds','2017-04-23 22:15:23','199-293-943','Shiv Mangal'),(306,'Advaith ',7406553530,'Bmsit ','Jigglypuff','2017-04-23 22:15:55','389-159-560','Hariharan'),(307,'Aman deep',9591780341,'BMSIT','PSYCH','2017-04-23 22:29:02','972-602-184','Prakhar bichpuriya'),(308,'Vastavik',9066389383,'BMSIT','Mock Naukri','2017-04-23 22:38:51','577-436-524','Prakhar bichpuriya'),(309,'Sahil bajgain',8951601542,'Bmsit','Tug Of War','2017-04-23 22:48:03','325-978-597','Shiv Mangal'),(310,'Himanshu Mishra',9738597281,'BMSIT','Arrow','2017-04-23 22:58:32','345-400-994','Prakhar bichpuriya'),(311,'Sai Krishnan',9632311139,'Bmsit','Dr Rubix','2017-04-23 23:40:25','296-439-548','Bibhu ranjan '),(312,'Sai Krishnan',9632311139,'Bmsit','Dumb And Dumber','2017-04-23 23:40:57','573-913-441','Bibhu ranjan '),(313,'Sai Krishnan',9632311139,'Bmsit','Taboo','2017-04-23 23:41:53','841-248-299','Bibhu ranjan '),(314,'Krishna Bajpai',9148500434,'Bmsit','Star Quest','2017-04-23 23:43:44','248-234-303','Bibhu ranjan '),(315,'Saharsh',9902132958,'BMSIT','Beg Borrow Steal','2017-04-23 23:45:04','892-777-499','Prakhar bichpuriya'),(316,'Krishna Bajpai',9148500434,'Bmsit','Ping Pong Men','2017-04-23 23:45:29','494-275-360','Bibhu ranjan '),(317,'Suraj',9611329716,'BMSIT','Sherlocked','2017-04-23 23:47:40','529-268-396','Prakhar bichpuriya'),(318,'Nikhil ',9071274878,'BMSIT ','Jigglypuff','2017-04-24 09:39:55','910-553-855','Nishant'),(319,'Aditya',9663654994,'Bmsit','FRIENDS and GOT quiz','2017-04-24 10:35:24','664-345-956','Shreyas'),(320,'Aditya',9663654994,'Bmsit','General Quiz','2017-04-24 10:35:51','992-908-908','Shreyas'),(321,'Aditya Singh Thakur',8962861221,'Bmsit','Meme Design','2017-04-24 10:37:07','570-605-367','Shiv Mangal'),(322,'Anupam deshpande',8446000155,'Bmsit','General Quiz','2017-04-24 10:39:30','896-718-821','Shiv Mangal'),(323,'Given lalwani',9731963337,'Bmsit','Meme Design','2017-04-24 10:39:59','684-895-153','Shiv Mangal'),(324,'Vishal Kumar',9731465086,'Mvit','FRIENDS and GOT quiz','2017-04-24 10:21:07','268-287-760','Jivesh Bodh'),(326,'Bharath svit',8553534074,'svit','Roar','2017-04-24 10:45:00','754-547-599','Bibhu ranjan '),(327,'Bharat r',9916599918,'svit','Roar','2017-04-24 10:45:50','785-999-546','Bibhu ranjan '),(328,'Saman siddi',9964524847,'Bmsit','Arrow','2017-04-24 10:45:52','278-513-305','Shiv Mangal'),(329,'Ashish',8861552013,'Bmsit','FIFA','2017-04-24 10:47:12','742-891-891','Sandy'),(330,'Chetan GS',9844814257,'svit','Roar','2017-04-24 10:48:27','960-180-297','Bibhu ranjan '),(331,'chandan bmce',9900966916,'scit','Dr Rubix','2017-04-24 10:51:56','984-621-348','Bibhu ranjan '),(332,'Nikhil achar',8123018956,'Bmsit','Gully Cricket','2017-04-24 10:54:37','537-251-299','Shiv Mangal'),(333,'Afras',8123305803,'Bmsit','Gully Cricket','2017-04-24 10:56:39','670-648-960','Shiv Mangal'),(334,'Saumya Mishra ',8890398377,'Bmsit','Jigglypuff','2017-04-24 10:58:56','103-261-360','Sandy'),(335,'Anamika',9741225742,'Bmsit','Google it','2017-04-24 11:00:58','854-788-635','Sandy'),(336,'Raj kiran',9535901811,'Bmsit','Dumb And Dumber','2017-04-24 11:02:17','879-681-349','Shiv Mangal'),(338,'Nandan ',9900152563,'BMSIT ','Mini Militia','2017-04-24 11:02:51','140-178-568','Nishant'),(339,'Pavan',9108199826,'Bmsit','Jigglypuff','2017-04-24 11:10:43','727-927-152','Shreyas'),(340,'Balaji',9818335051,'Bmsit','Ballooned','2017-04-24 11:14:41','207-896-395','Shiv Mangal'),(341,'Vamsi',8762582825,'Bmsit ','Mini Militia','2017-04-24 11:16:04','369-101-852','Sandy'),(342,'Abhishek',7760848900,'Bmsit ','FIFA','2017-04-24 11:22:23','727-602-873','Sandy'),(343,'Chandan J Bherin',9611765774,'East West College of Engineering','Meme Design','2017-04-24 11:26:36','241-293-458','Pratham'),(344,'Goutham Raj d arokya',8095038072,'Bmsit','FIFA','2017-04-24 11:44:14','313-578-809','Kumar Rohit'),(345,'Harshit Choudhary',7760915483,'BMSIT','Typathon','2017-04-24 10:46:22','220-560-164','Jivesh Bodh'),(346,'Harshit Choudhary',7760915483,'BMSIT','PSYCH','2017-04-24 11:50:28','530-313-318','Jivesh Bodh'),(347,'Harshit Choudhary',9066275106,'BMSIT','Typathon','2017-04-24 11:57:02','268-524-351','Jivesh Bodh'),(348,'Jones',9886453708,'Bmsit','PSYCH','2017-04-24 11:58:38','629-323-255','Karen ballal'),(349,'Bhargav',9740025407,'Bmsit','Meme Design','2017-04-24 12:00:44','290-891-354','Kumar Rohit'),(350,'Bhargav',9740025407,'Bmsit','Death by food','2017-04-24 12:01:54','584-990-721','Kumar Rohit'),(351,'Akshay',9036835705,'Bmsit','Meme Design','2017-04-24 12:02:02','319-244-282','Shiv Mangal'),(352,'Akshay',9036835705,'Bmsit','Death by food','2017-04-24 12:02:36','650-471-322','Shiv Mangal'),(353,'Prashant kumar',9845225150,'Mvit','PSYCH','2017-04-24 12:08:01','489-830-332','Jivesh Bodh'),(354,'Nitish Prasad',8884209902,'Mvit','Arrow','2017-04-24 12:15:48','782-787-195','Jivesh Bodh'),(355,'Deepak ',8050293238,'Mvit','Arrow','2017-04-24 12:17:47','397-803-899','Jivesh Bodh'),(356,'Adithya',9945412035,'Bmsit','Beg Borrow Steal','2017-04-24 12:19:29','358-392-883','Kumar Rohit'),(357,'Prakhar dewan',7996912963,'Bmsit','Meme Design','2017-04-24 12:21:04','171-403-473','Kumar Rohit'),(358,'Nischita Vishwanath',8762226129,'BMSIT','Break a leg','2017-04-24 12:28:55','969-460-883','Akshaya'),(359,'Mohit ',9483381555,'Reva University','Meme Design','2017-04-24 10:21:53','646-887-504','Pratham'),(360,'Kushal',9148902168,'Reva University','Meme Design','2017-04-24 12:40:28','978-444-271','Pratham'),(361,'Rajath ',8762280233,'Bmsit','Dr Rubix','2017-04-24 12:45:06','919-543-816','Kumar Rohit'),(362,'Setu Sagar',9901671079,'Mvit','General Quiz','2017-04-24 12:56:10','455-809-173','Jivesh Bodh'),(363,'Shashank D',8123405262,'Reva University','Meme Design','2017-04-24 13:06:26','813-103-168','Pratham'),(364,'Rahul Raj',9449246538,'REVA','Star Quest','2017-04-24 13:12:28','592-655-865','Jivesh Bodh'),(365,'Rahul Raj',9449246538,'REVA','Google it','2017-04-24 13:13:23','979-374-796','Jivesh Bodh'),(366,'Shakti ',8792872217,'REVA','Dr Rubix','2017-04-24 13:15:15','122-628-245','Jivesh Bodh'),(367,'Varun rs',7829312151,'Bmsit','FIFA','2017-04-24 13:16:00','518-552-107','Kumar Rohit'),(368,'Ritvik',9008551831,'REVA','Mini Militia','2017-04-24 13:17:16','678-697-192','Jivesh Bodh'),(369,'Prajvalit nagraj',8971976251,'BMSIT','Roar','2017-04-24 13:21:55','464-416-534','Brijesh'),(370,'Srikanth G',9632312340,'SVIT','Fashion Show','2017-04-24 13:23:07','915-408-311','Bibhu ranjan '),(371,'Maneesha M J',9741441517,'Reva University','Meme Design','2017-04-24 13:29:11','817-630-152','Pratham'),(372,'Kusuma',7411813722,'Svit','Dumb And Dumber','2017-04-24 13:29:50','186-793-108','Sakshi'),(373,'Lekhashree S N',9902807625,'Reva University','Meme Design','2017-04-24 13:30:02','514-515-666','Pratham'),(375,'Abhishek Poonia',9483261130,'REVA','Typathon','2017-04-24 13:36:00','959-922-813','Jivesh Bodh'),(376,'Abhishek Poonia',9483261130,'REVA','Code Runner','2017-04-24 13:36:18','424-621-725','Jivesh Bodh'),(377,'Vikas Temkar',8971476424,'REVA University','Meme Design','2017-04-24 13:38:30','857-327-658','Pratham'),(378,'Abhinav Anand',7019371392,'Mvit','General Quiz','2017-04-24 10:21:15','491-791-957','Jivesh Bodh'),(379,'Abhinav Anand',9742707450,'Mvit','General Quiz','2017-04-24 13:56:25','778-140-188','Jivesh Bodh'),(380,'Nayan Agarwal',9686670884,'Mvit','PSYCH','2017-04-24 13:57:08','757-548-816','Jivesh Bodh'),(381,'Shasahnk Mishra',9199238098,'Mvit','PSYCH','2017-04-24 13:58:03','704-943-117','Jivesh Bodh'),(382,'Rohit Kumar',7022401109,'Mvit','Dr Rubix','2017-04-24 13:58:52','575-372-871','Jivesh Bodh'),(383,'Vishal Kumar',9731465086,'Mvit','Typathon','2017-04-24 13:59:24','453-564-129','Jivesh Bodh'),(384,'Nimish gireesh',8660494169,'Bmsit','Mock Naukri','2017-04-24 14:49:19','276-606-228','Kumar Rohit'),(385,'Shalette',8861556855,'BMSIT','Jigglypuff','2017-04-24 16:25:18','191-326-242','Akshay narain singh'),(386,'Disha Bhat',7760859420,'Reva University','Meme Design','2017-04-24 17:55:15','889-288-271','Pratham'),(387,'Sushanth Srivatsava',8884300221,'BMSIT','Meme Design','2017-04-24 18:50:25','255-851-532','Pratham'),(388,'Gaurav Suwal',8123258023,'BMSIT','Meme Design','2017-04-24 19:02:49','393-204-571','Pratham'),(389,'Pravat',7204888059,'BMSIT','Meme Design','2017-04-24 19:13:48','372-357-516','Pratham'),(390,'Ankit agrawal',9575995170,'Bmsit ','FIFA','2017-04-24 19:32:06','418-790-899','Sandy'),(391,'Himanshu',7411821825,'Bmsit','PSYCH','2017-04-24 19:45:02','426-510-806','Sandy'),(392,'Harshit juneja',7000948339,'Bmsit','PSYCH','2017-04-24 19:46:38','842-700-333','Sandy'),(393,'Vivek mishra',8951560280,'Bmsit ','Basketball','2017-04-24 19:49:41','842-592-452','Sandy'),(394,'Gaurav',8210168657,'Bmsit ','Typathon','2017-04-24 20:12:31','931-983-388','Sandy'),(395,'Geetesh Singh',7795679517,'BMSIT','Meme Design','2017-04-24 20:14:27','696-296-111','Pratham'),(396,'Kunal',7003892051,'Bmsit ','Code Runner','2017-04-24 20:22:20','814-372-919','Sandy'),(397,'Vivek',8797739629,'Bmsit','Gone in sixty seconds','2017-04-24 20:26:54','990-620-578','Sandy'),(398,'Sumit',9611213221,'Bmsit ','Counter Stike','2017-04-24 20:35:35','238-917-417','Sandy'),(399,'Abhishek ',9538236944,'Bmsit','FIFA','2017-04-24 20:37:26','856-121-456','Sandy'),(400,'Gaurav ',8210168657,'Bmsit ','Capture','2017-04-24 20:40:54','869-529-581','Sandy'),(401,'Varun',9591794709,'Bmsit','General Quiz','2017-04-24 20:49:08','979-842-996','Sandy'),(402,'Varun',9591794709,'Bmsit ','Taboo','2017-04-24 20:50:37','364-777-686','Sandy'),(403,'Rajaryan',7877391873,'Bmsit','General Quiz','2017-04-24 21:13:53','423-720-145','Sandy'),(405,'Samrudhi Patil',9620236123,'Bmsit','Beg Borrow Steal','2017-04-24 21:30:28','205-902-966','Hariharan'),(406,'Tushar sahay',9425139195,'BMSIT','Mock Naukri','2017-04-24 22:02:29','379-608-863','Prakhar bichpuriya'),(407,'Mohit Agarwal',7002252165,'BMSIT','Arrow','2017-04-24 22:08:50','277-220-266','Prakhar bichpuriya'),(409,'Nidhi Singh',8553295462,'East Point College of Engineering','Jigglypuff','2017-04-24 22:33:17','943-809-669','Akshay narain singh'),(410,'Noor e ali',7903463639,'BMSIT','Gone in sixty seconds','2017-04-24 23:21:58','552-862-766','Prakhar bichpuriya'),(411,'Vibha K V',8123981325,'BMSIT','Meme Design','2017-04-25 08:17:45','685-777-369','Pratham'),(412,'Shakir',9036230902,'BMSIT','Circuit Debugging','2017-04-25 09:35:00','429-128-606','Ravi A G'),(413,'Alok Kumar Chaudhary ',9738173700,'BMSIT ','Death by food','2017-04-25 09:40:44','415-119-531','Ravi A G'),(414,'Bhavya Nagaraj',9632811174,'MSRIT','Arrow','2017-04-25 09:44:59','733-426-640','Sanath Kumar'),(415,'Arghya pal',9902166962,'MVIT','Star Quest','2017-04-25 09:46:11','702-316-118','Sanath Kumar'),(416,'Nihar ',9945540598,'Rvce','Jigglypuff','2017-04-25 09:47:25','809-254-903','Sanath Kumar'),(417,'Khazal',9008031867,'PESIT','PSYCH','2017-04-25 09:48:26','986-337-879','Sanath Kumar'),(418,'Shreesha',8884123192,'MSRIT','Basketball','2017-04-25 10:09:20','200-853-513','Sandy'),(419,'Nikhil Miranda',8971723022,'BMSIT','Meme Design','2017-04-25 10:34:17','111-270-804','Pratham'),(420,'Obaidullah',7795984851,'BMSIT ','Arrow','2017-04-25 10:35:09','821-410-574','Sadam'),(421,'Radhika',9901145929,'Bmsit','Typathon','2017-04-25 10:36:59','916-109-727','Karen ballal'),(422,'Vishal',9036998956,'Bmsit','Star Quest','2017-04-25 10:39:02','849-112-565','Karen ballal'),(423,'Sashank Reddy',7892378256,'BMSIT','Dota ','2017-04-25 10:40:03','212-161-676','Aditya chakravarthy'),(424,'Nishant ',9740039706,'BMSIT','Gully Cricket','2017-04-25 10:47:00','399-549-683','Aditya chakravarthy'),(425,'Deepa M S',9844810807,'BMSIT','Star Quest','2017-04-25 10:50:47','804-560-761','Brijesh'),(426,'Aayushi',8088652910,'BMSIT','Beg Borrow Steal','2017-04-25 10:51:05','335-986-133','Sanath Kumar'),(427,'Nimish ',8660494169,'Bmsit','General Quiz','2017-04-25 10:51:48','621-909-248','Vikash mishra'),(428,'Amit',8762108035,'Bmsit','Meme Design','2017-04-25 10:51:51','254-775-176','Karen ballal'),(429,'Abhishek Biswas',9535057391,'BMSIT','Comic Quest','2017-04-25 10:55:31','954-796-317','Brijesh'),(430,'Nandan',9900152563,'Bmsit','Beg Borrow Steal','2017-04-25 10:56:57','680-193-907','Reshma R'),(431,'Simran',9611525848,'Bmsit','Typathon','2017-04-25 10:57:51','372-970-800','Karen ballal'),(432,'Asha ',9008760330,'BMSIT','Arrow','2017-04-25 10:59:54','624-343-368','Sanath Kumar'),(434,'Amit Kumar Sah',9738549070,'Acharya Institute','Meme Design','2017-04-25 11:02:00','601-952-499','Ashish pandey'),(435,'Samruddhi',9620236123,'Bmsit','Gone in sixty seconds','2017-04-25 11:05:15','277-660-625','Karen ballal'),(436,'Musawer Kazimi',8951764622,'REVA','Jigglypuff','2017-04-25 11:06:57','947-919-554','Sadam'),(437,'Dhanya',9900147212,'Bmsit','Typathon','2017-04-25 11:12:33','722-689-333','Karen ballal'),(438,'Karan b',9620852548,'Bmsit','Dr Rubix','2017-04-25 11:14:08','598-579-880','Karen ballal'),(439,'Sameer Anand',8553591080,'Aacjarya Institute','Code Runner','2017-04-25 11:15:49','625-514-604','Ashish pandey'),(440,'Lakshman',7996994435,'RL Jalappa','Mini Militia','2017-04-25 11:16:40','768-525-720','Hariharan'),(441,'Aditya Nataraj',9620048224,'BMSIT','Google it','2017-04-25 11:18:04','681-835-428','Aditya chakravarthy'),(442,'Kiran K',9972920033,'Acharya Institute','Tug Of War','2017-04-25 11:19:42','514-113-609','Ashish pandey'),(443,'Kiran K',9972920033,'Acharya Institute','Gully Cricket','2017-04-25 11:20:43','137-773-840','Ashish pandey'),(444,'Lavanya',9916565289,'BMSIT ','Circuit Debugging','2017-04-25 11:24:55','675-111-397','Sadam'),(445,'Sravani',9008681487,'RL Jalappa','Sherlocked','2017-04-25 11:29:09','775-554-463','Hariharan'),(446,'Pavan',7892806590,'BMSIT ','Circuit Debugging','2017-04-25 11:32:58','380-316-291','Sadam'),(447,'Mamatha',8897238264,'RL Jalappa','Dumb And Dumber','2017-04-25 11:37:34','314-617-266','Hariharan'),(448,'Aman',9036508655,'Bmsit ','PSYCH','2017-04-25 11:39:57','270-128-467','Sandy'),(449,'Manish',8050876075,'Bmsit','PSYCH','2017-04-25 11:40:54','305-470-194','Sandy'),(450,'Bhavana',7893539293,'RL Jalappa','Sherlocked','2017-04-25 11:41:49','997-645-182','Hariharan'),(452,'Shreya Jingade D',9591987099,'Bmsit ','Jigglypuff','2017-04-25 11:50:34','209-301-422','Sandy'),(453,'Simran Dhar',9148500293,'Bmsit ','Star Quest','2017-04-25 11:52:04','535-100-156','Sandy'),(454,'Shreya Jingade D',9591987099,'Bmsit ','Star Quest','2017-04-25 11:52:25','652-135-792','Sandy'),(455,'Ayush kumar',7703066565,'Bmsit ','Star Quest','2017-04-25 11:52:48','810-452-560','Sandy'),(456,'Saurab b',9901518529,'BMSIT ','Dr Rubix','2017-04-25 11:54:14','104-850-329','Sadam'),(458,'MasoodVali',8919379397,'RL Jalappa','Mock Naukri','2017-04-25 12:02:00','856-341-840','Hariharan'),(459,'Gautam Manohar Bhat',9483761330,'National Institute Of Technology Karnataka','Meme Design','2017-04-25 12:02:40','841-378-116','Pratham'),(460,'Tejaswini K',9141826177,'BMSIT','Meme Design','2017-04-25 12:03:25','118-462-757','Pratham'),(461,'Srilekha',9448839548,'R l jallapa','Jigglypuff','2017-04-25 12:07:19','426-618-505','Hariharan'),(462,'Priya',8105304291,'Bmsit','Comic Quest','2017-04-25 12:08:09','621-275-883','Shekhar'),(463,'Santosh ',7353113593,'Jalappa','Mini Militia','2017-04-25 12:08:24','969-938-349','Hariharan'),(464,'Ravi teja',9901045693,'R l jallapa','Mini Militia','2017-04-25 12:08:51','343-858-178','Hariharan'),(465,'A M MAHADEV',9591825491,'BMSIT','Dr Rubix','2017-04-25 12:08:54','282-340-466','Sanath Kumar'),(466,'Immanuel ',9739096975,'RL Jalappa','Sherlocked','2017-04-25 12:16:30','792-660-430','Hariharan'),(467,'Muztaba Bazaz',7022498863,'Acharya Institute','FIFA','2017-04-25 12:29:55','439-602-882','Ashish pandey'),(468,'Rekha',9535026162,'R l jallapa','Mock Naukri','2017-04-25 12:33:32','299-685-538','Hariharan'),(469,'Pallavi',8217257659,'RL Jalappa','Mock Naukri','2017-04-25 12:34:10','793-928-180','Hariharan'),(470,'Mrudula',9632519530,'Jalappa','Mock Naukri','2017-04-25 12:34:20','190-154-435','Hariharan'),(471,'Gopi R',7411984626,'R l jallapa','Break a leg','2017-04-25 12:38:52','105-975-853','Hariharan'),(472,'Shyam G',8792206169,'Sambhram','Fashion Show','2017-04-25 12:39:37','916-269-449','Bibhu ranjan '),(473,'Sachin KR',7204315530,'Acharya Institute','Gully Cricket','2017-04-25 12:42:33','354-396-242','Ashish pandey'),(474,'Brunda',8722588564,'RL Jalappa','Dumb And Dumber','2017-04-25 12:48:56','875-375-884','Hariharan'),(475,'Mohit Singh',8159034018,'Aacharya Institute','Mini Militia','2017-04-25 12:52:48','895-855-187','Ashish pandey'),(476,'Bhanusaiba',8500749336,'RL Jalappa','Jigglypuff','2017-04-25 12:55:01','244-254-174','Hariharan'),(477,'Archana',7026401244,'RL jallapa ','Dumb And Dumber','2017-04-25 12:55:50','112-567-313','Hariharan'),(478,'Preena darshini',9916088166,'BMSIT','Taboo','2017-04-25 12:58:54','921-521-687','Akshay narain singh'),(479,'Harshita TN',9738231968,'RL jallapa ','General Quiz','2017-04-25 12:59:33','769-865-324','Hariharan'),(480,'Harshvardhan',8084756065,'Aacharya Institute','Mini Militia','2017-04-25 13:01:29','660-837-774','Ashish pandey'),(481,'Shridhar',9663768088,'BMSIT ','Typathon','2017-04-25 13:04:03','678-574-906','Sadam'),(482,'Ayush Keshri',8550866592,'Acharya Institute','Jigglypuff','2017-04-25 13:07:43','603-925-419','Ashish pandey'),(483,'Humaisa',9035860330,'RL jallapa ','Jigglypuff','2017-04-25 13:10:49','864-583-545','Hariharan'),(484,'Faria begum',9535985769,'RL jallapa ','Jigglypuff','2017-04-25 13:11:47','852-705-358','Hariharan'),(485,'Parth',8095621062,'Aacharya Institute','F UTSAHA L','2017-04-25 13:19:58','206-784-885','Ashish pandey'),(486,'Sujan',8105587182,'RL Jalappa','Volleyball','2017-04-25 13:15:50','904-430-922','Hariharan'),(487,'Chaitra BM',9513464769,'BMSIT','Beg Borrow Steal','2017-04-25 13:22:33','895-247-128','Brijesh'),(488,'Kavya',8095144580,'RL Jalappa','Group Dance','2017-04-25 13:23:08','930-599-685','Hariharan'),(489,'Nisha chaurasia',7377061571,'Bmsit','FRIENDS and GOT quiz','2017-04-25 13:33:58','330-200-420','Sakshi'),(490,'Rupansha khare',7049370970,'Bmsit','Dumb And Dumber','2017-04-25 13:35:37','866-174-481','Sakshi'),(492,'Yashwanth',9731259495,'RL Jalappa','Gully Cricket','2017-04-25 13:40:59','708-269-934','Hariharan'),(493,'Aakanksha',9927019674,'BMSIT','Taboo','2017-04-25 13:50:07','825-459-424','Brijesh'),(494,'Pratik Ranjan',9148382792,'Acharya Institute','Jigglypuff','2017-04-25 13:50:33','981-936-646','Ashish pandey'),(496,'Abigail',9980544075,'BMSIT','Gone in sixty seconds','2017-04-25 13:53:09','861-120-178','Brijesh'),(497,'Sagar',7019729886,'REVA','Gully Cricket','2017-04-25 14:11:11','906-946-833','Sadam'),(498,'Shreyas',7338307999,'Presidency','Death by food','2017-04-25 14:11:24','549-152-432','Karen ballal'),(499,'Vijay',8553979331,'MS ENGINEERING COLLEGE','Mini Militia','2017-04-25 14:22:28','357-454-738','Ravi A G'),(501,'Manish Shetty ',8861643883,'BMSIT','Meme Design','2017-04-25 14:36:09','895-969-720','Rakesh A S'),(502,'Anirudh',8105281378,'BMSIT','FIFA','2017-04-25 14:39:48','761-805-317','Rakesh A S'),(503,'Shilpa Acharaya',9945138367,'Bmsit','Star Quest','2017-04-25 14:59:11','770-841-381','Sakshi'),(504,'Chaitanya',8088977733,'Bmsit','Beg Borrow Steal','2017-04-25 15:04:36','273-172-423','Sakshi'),(505,'Melrick Mascarenhas',7760038110,'BMSIT','Meme Design','2017-04-25 15:14:16','659-171-273','Pratham'),(506,'Jyothi S',8884361988,'Bmsit','Comic Quest','2017-04-25 15:20:20','867-495-670','Sakshi'),(507,'Jyothi S',8884361988,'Bmsit','Gone in sixty seconds','2017-04-25 15:20:42','786-566-804','Sakshi'),(508,'Jyothi S',8884361988,'Bmsit','Dr Rubix','2017-04-25 15:21:21','911-603-333','Sakshi'),(510,'Deekshita',9483467043,'BMSIT ','Circuit Debugging','2017-04-25 15:40:14','966-978-724','Sadam'),(511,'Prerana',9886059164,'BMSIT ','Circuit Debugging','2017-04-25 15:41:01','781-198-239','Sadam'),(512,'Soumita',8123149101,'BMSIT ','Google it','2017-04-25 15:48:59','744-505-623','Sadam'),(514,'Shaik  dilshad',8197119833,'Jalappa','Sherlocked','2017-04-25 15:55:12','910-748-610','Hariharan'),(515,'Shruti',9632476139,'Jalappa','Sherlocked','2017-04-25 15:55:55','730-501-415','Hariharan'),(516,'Dhanalakshmi',7899360839,'BMSIT ','Typathon','2017-04-25 15:57:06','905-677-211','Sadam'),(517,'Anaswar',9497469921,'R l jallapa','FIFA','2017-04-25 16:00:23','852-782-605','Hariharan'),(518,'Anaswar',9497469921,'R l jallapa','F UTSAHA L','2017-04-25 16:05:05','331-546-986','Hariharan'),(519,'Srinivas',9964172097,'RL Jalappa','Volleyball','2017-04-25 16:05:50','279-939-755','Hariharan'),(520,'Jhenkar',9742720201,'BMSIT ','Circuit Debugging','2017-04-25 16:09:42','680-461-334','Sadam'),(521,'Gita',8951438867,'RL Jalappa','Dumb And Dumber','2017-04-25 16:42:03','103-948-981','Hariharan'),(522,'Dushyanth',9620862556,'RL Jalappa','Basketball','2017-04-25 16:46:00','653-682-226','Hariharan'),(523,'Jhanvi K',9440360638,'RL jallapa ','Mock Naukri','2017-04-25 16:49:25','488-974-760','Hariharan'),(525,'Ashwini ',9538233437,'Jalappa','Mock Naukri','2017-04-25 16:51:24','883-729-810','Hariharan'),(526,'ShaikShah',9497469921,'RL Jalappa','FRIENDS and GOT quiz','2017-04-25 17:02:03','570-393-804','Hariharan'),(527,'Amarteya',8095203151,'R l jallapa','Gully Cricket','2017-04-25 17:28:44','393-506-402','Hariharan'),(528,'K sahiti',9492838865,'Jalappa','Mock Naukri','2017-04-25 17:40:00','507-128-392','Hariharan'),(529,'Sai kiran',8317671089,'Jalappa','Mini Militia','2017-04-25 17:45:52','340-575-716','Hariharan'),(530,'Harshita ',9980511923,'RL jallapa ','Mock Naukri','2017-04-25 17:46:00','577-820-250','Hariharan'),(531,'Divyashree',8746922930,'RL Jalappa','Mock Naukri','2017-04-25 17:50:51','981-413-675','Hariharan'),(532,'Buvan',7795023844,'Jalappa','Mock Naukri','2017-04-25 17:57:57','193-205-696','Hariharan'),(533,'Sindhu',9886526372,'RL jallapa ','Star Quest','2017-04-25 18:13:36','223-532-553','Hariharan'),(534,'S thirumala reddy',8919137138,'RL jallapa ','Mock Naukri','2017-04-25 18:18:54','140-704-367','Hariharan'),(535,'Sai Kiran',8317671089,'RL jallapa ','Capture','2017-04-25 18:26:27','946-240-376','Hariharan'),(536,'Pavan P S S',7892806590,'BMSIT','Gone in sixty seconds','2017-04-25 19:02:00','330-694-383','Ravi A G'),(537,'Shilpa Acharaya',9945138367,'Bmsit','Break a leg','2017-04-25 19:17:55','989-194-660','Sakshi'),(538,'Tabbasum',9632764308,'Bmsit','Comic Quest','2017-04-25 19:19:48','528-856-764','Sakshi'),(539,'Stuti',9743624135,'Bmsit','Star Quest','2017-04-25 19:28:58','293-646-349','Sandy'),(540,'Niharaj',8971649405,'Bmsit','Dumb And Dumber','2017-04-25 20:32:43','917-106-618','Bibhu ranjan '),(541,'A SYED ABRAR',9663257305,'ATRIA','Ping Pong Men','2017-04-25 21:15:06','201-857-494','Abhilash'),(542,'Nikitha KE',9538595568,'Bmsit','Tug Of War','2017-04-25 21:22:27','204-883-200','Sakshi'),(544,'Nikita KE',9538595568,'Bmsit','Ballooned','2017-04-25 21:23:51','432-883-280','Sakshi'),(545,'Jhanvi verma',9161261430,'Bmsit','Gone in sixty seconds','2017-04-25 21:56:59','988-315-181','Sakshi'),(546,'Jhanvi verma',9161261430,'Bmsit','Beg Borrow Steal','2017-04-25 21:59:39','190-660-382','Sakshi'),(547,'Yousif',8951590611,'BMSIT ','Beg Borrow Steal','2017-04-25 22:02:48','699-283-924','Sadam'),(548,'Anup',9686658259,'Bmsit ','Arrow','2017-04-25 22:13:07','610-503-753','Hariharan'),(549,'Nisha Chaurasia',7377061571,'Bmsit','Typathon','2017-04-25 22:16:11','854-932-544','Sakshi'),(550,'Anirudh ',9482656827,'Bmsit ','FIFA','2017-04-25 22:21:28','659-128-702','Hariharan'),(551,'Shreyas N I',8904551620,'Reva University','Meme Design','2017-04-25 22:26:30','911-144-109','Pratham'),(552,'Abhijit',9470968965,'BMSIT','Typathon','2017-04-25 22:32:51','874-862-216','Ashutosh mishra'),(553,'Sultan',9483963774,'SVIT','Roar','2017-04-25 22:35:07','210-192-794','Ravi A G'),(554,'Mrinal Ranjan',9534507118,'BMSIT','Arrow','2017-04-25 22:38:02','852-898-250','Ashutosh mishra'),(555,'Mrinal Ranjan',9534507118,'BMSIT','Mock Naukri','2017-04-25 22:38:52','295-772-504','Ashutosh mishra'),(556,'Shreyansh Singh',9513334747,'BMSIT','FIFA','2017-04-25 22:43:17','159-367-756','Ashutosh mishra'),(557,'Murali',9500888759,'BMSIT','Tug Of War','2017-04-25 22:44:48','238-851-409','Hariharan'),(558,'Gururaj',9620121809,'Bmssa','Arrow','2017-04-25 22:47:48','706-985-175','Hariharan'),(559,'Rohit Saroha',9991517209,'BMSIT','Code Runner','2017-04-25 22:47:50','135-738-970','Ashutosh mishra'),(560,'Avinesh',9003954238,'Bmssa','Gone in sixty seconds','2017-04-25 22:49:32','361-598-880','Hariharan'),(561,'Cd poovana',9591894505,'Bmssa','Tug Of War','2017-04-25 22:56:07','278-697-101','Hariharan'),(562,'Udhav Gogoi',9620683189,'BMSIT','Arrow','2017-04-25 23:09:27','649-109-294','Ashutosh mishra'),(563,'Vishal',7094011555,'Bmssa','Beg Borrow Steal','2017-04-25 23:25:58','843-130-884','Hariharan'),(564,'Vishal',7094011555,'Bmssa','Gone in sixty seconds','2017-04-25 23:26:33','977-776-202','Hariharan'),(566,'Rahul Pai',8792829252,'BMSIT','FRIENDS and GOT quiz','2017-04-26 08:43:05','354-894-442','Dilasha'),(567,'Ravi goel',7760551277,'Bmsit','Dota ','2017-04-26 09:47:54','134-711-871','Shreyas'),(568,'Raman',7760551277,'Bmsit','Dota ','2017-04-26 09:48:17','820-538-244','Shreyas'),(569,'Vishal',7903955524,'Bmsit ','FIFA','2017-04-26 10:03:43','908-197-129','Sandy'),(570,'Narahari',9916919855,'BMSIT ','Typathon','2017-04-26 10:09:58','127-598-575','Sadam'),(571,'Amulya',7348968164,'BMSIT','Comic Quest','2017-04-26 10:12:52','909-572-316','Brijesh'),(572,'Venu bhargav',9535210087,'Bmsit','Sherlocked','2017-04-26 10:32:19','393-495-755','Vikash mishra'),(573,'Charan',9440930532,'BMSIT ','Circuit Debugging','2017-04-26 10:34:19','609-809-631','Sadam'),(574,'Akshara Dammur',9844146014,'Bmsit','Google it','2017-04-26 10:38:19','280-710-867','Vikash mishra'),(575,'Nihal Rao',9886784291,'Bmsit','Death by food','2017-04-26 10:39:20','490-110-564','Vikash mishra'),(576,'Gagan',7760690148,'Atria','Fashion Show','2017-04-26 10:39:20','502-998-873','Shiv Mangal'),(577,'Samples kahandal',9972501871,'Bmsit','Ballooned','2017-04-26 10:42:07','992-332-575','Vikash mishra'),(578,'Deepa',9844810807,'Bmsit ','Star Quest','2017-04-26 10:47:38','827-134-277','Sandy'),(579,'Shabaz',9902667893,'BMSIT','Comic Quest','2017-04-26 10:48:20','220-530-928','Akshay narain singh'),(580,'Manjunath ',8197303191,'Bmsit','Circuit Debugging','2017-04-26 10:48:30','857-561-703','Vikash mishra'),(582,'ROHAN CHINNI C L',7795167852,'Bmsit','Circuit Debugging','2017-04-26 11:08:56','754-736-442','Vikash mishra'),(583,'Nihal',8105643466,'Bmsit','FIFA','2017-04-26 11:11:01','420-123-902','Hariharan'),(584,'Tarun aditya',8940112005,'Bmssa','Basketball','2017-04-26 11:16:55','250-399-560','Hariharan'),(585,'Shreyas',8618803797,'BMSIT','Gully Cricket','2017-04-26 11:23:38','727-144-999','Abhilash'),(587,'Nishaan',8123167307,'Bmsit','Mini Militia','2017-04-26 11:44:37','730-313-470','Hariharan'),(589,'Earth ',9738513999,'Bmsit','Roar','2017-04-26 12:09:09','400-509-960','Vikash mishra'),(590,'Jayanth',9900648788,'BMSIT','Ping Pong Men','2017-04-26 12:40:08','318-619-476','Abhilash'),(591,'Anamika basu',9741225742,'BMSIT','Comic Quest','2017-04-26 12:54:54','222-827-765','Brijesh'),(592,'Akhil',9071301151,'BMSIT','Mini Militia','2017-04-26 13:11:32','877-920-680','Akshay narain singh'),(593,'Calvin White',9843745339,'BMSIT','FIFA','2017-04-26 13:11:55','455-801-896','Brijesh'),(594,'Anshuman',9008883915,'BMSIT','FIFA','2017-04-26 13:12:56','915-929-385','Brijesh'),(595,'Mrinal',9534507118,'BMSIT','Death by food','2017-04-26 13:21:12','380-297-262','Akshay narain singh'),(596,'Sharath C Naik',8277771124,'PESIT BSC','Meme Design','2017-04-26 13:25:00','618-377-308','Pratham'),(597,'Anand',8660439772,'Sambhram','Death by food','2017-04-26 13:36:00','906-796-117','Vikash mishra'),(598,'Vighnesh ',9740906024,'Bmsit','Mock Naukri','2017-04-26 13:39:53','926-826-308','Vikash mishra'),(599,'Prem',8123442238,'Bmsit','Mock Naukri','2017-04-26 13:41:03','558-998-732','Vikash mishra'),(600,'Sampath',9108064797,'Svit','Gully Cricket','2017-04-26 14:08:49','227-173-951','Vikash mishra'),(601,'Kiran',9632353848,'Svit','Roar','2017-04-26 14:09:39','686-988-714','Vikash mishra'),(603,'Danish Ahmad',8431904401,'BMSIT ','Gone in sixty seconds','2017-04-26 16:01:29','601-984-990','Brijesh'),(604,'Sai Pravin',9048807771,'Acharya Institute of technology ','Fashion Show','2017-04-26 16:10:56','170-163-608','Sandy'),(605,'Shridhar Hegde',9663768088,'BMSIT','Arrow','2017-04-26 19:05:04','584-683-862','Ravi A G'),(606,'Karunanidhan Tiwari ',9108814603,'BMSIT ','Dota ','2017-04-26 19:23:46','763-402-901','Bashar'),(607,'Tilak',7899490350,'Acharya','F UTSAHA L','2017-04-26 21:17:07','351-947-135','Shiv Mangal'),(608,'Ridwan Shafi',8277479156,'BMSIT','Typathon','2017-04-26 21:52:33','206-938-991','Bashar'),(609,'Ankith padella',9066730891,'BMSIT','Meme Design','2017-04-26 22:40:45','761-849-528','Brijesh'),(610,'Chiraj',9945658379,'Sjbit','Fashion Show','2017-04-26 22:40:50','805-929-495','Nakul'),(611,'Harsh Koomar',8904759525,'bmsit college','Code Runner','2017-04-26 22:46:29','209-651-742','Ashish pandey'),(612,'Varun karanth',9591794709,'bmsit college','FRIENDS and GOT quiz','2017-04-26 22:47:24','543-381-557','Ashish pandey'),(613,'Pranave',8431954647,'RVCE','General Quiz','2017-04-27 00:11:22','621-841-459','Abhilash'),(617,'Vijeth',8861601480,'Svit','General Quiz','2017-04-27 07:27:17','353-107-966','Abhilash'),(619,'Dhiraj',9481245289,'BMSIT','Volleyball','2017-04-27 09:18:02','597-448-965','Abhilash'),(620,'Preethi',7760934308,'BMSIT','Break a leg','2017-04-27 09:23:47','894-458-632','Suruchi'),(621,'Vamshi Krishna',8123481212,'Spce','Gully Cricket','2017-04-27 09:34:10','247-348-516','Suruchi'),(622,'vibha vinod',7259843654,'bmsit','Break a leg','2017-04-27 09:35:34','856-576-636','Harshithaa '),(623,'Ashok G C',9980322126,'BMSIT','Roar','2017-04-27 09:35:44','644-597-605','Suruchi'),(624,'Sachin Kumar',9740061496,'BMSIT','Beg Borrow Steal','2017-04-27 09:39:11','588-238-656','Suruchi'),(625,'Shivraj kumar',9738721943,'Svit','Gully Cricket','2017-04-27 09:44:59','282-823-247','Shreyas'),(626,'Vaishak Gowda',9741833033,'BMSIT','Meme Design','2017-04-27 09:45:00','967-246-422','Pratham'),(627,'Manish',9036068217,'Svit','Gully Cricket','2017-04-27 09:45:23','567-985-960','Shreyas'),(629,'Akash',8123467769,'Bmsit','Gully Cricket','2017-04-27 09:45:58','833-876-283','Shreyas'),(630,'jay',8884759078,'bm sit','F UTSAHA L','2017-04-27 09:48:07','629-698-735','Harshithaa '),(631,'Ayush Thakur',8971942492,'BMSIT','F UTSAHA L','2017-04-27 09:51:03','165-712-138','Shiv Mangal'),(632,'Ayush Thakur',8971942492,'BMSIT','Ping Pong Men','2017-04-27 09:54:20','125-320-146','Shiv Mangal'),(633,'Aadit V K',9972589017,'Svce','Dumb And Dumber','2017-04-27 09:54:21','127-805-277','Suruchi'),(634,'Ayush Thakur',8971942492,'BMSIT','FRIENDS and GOT quiz','2017-04-27 09:54:47','889-315-478','Shiv Mangal'),(635,'Prateek S',8050401395,'BMSIT','Google it','2017-04-27 09:55:21','173-667-387','Shiv Mangal'),(636,'vishal',7259563693,'reva','F UTSAHA L','2017-04-27 09:55:51','824-963-443','Harshithaa '),(637,'Sabarish',7892298165,'Spce','Google it','2017-04-27 09:55:52','165-981-626','Shreyas'),(638,'Prateek S',8050401395,'BMSIT','Arrow','2017-04-27 09:56:39','691-379-185','Shiv Mangal'),(639,'Ayush Thakur',8971942492,'BMSIT','Arrow','2017-04-27 09:56:52','388-954-466','Shiv Mangal'),(640,'Pavan kalyan',8971225524,'Presidency','Mini Militia','2017-04-27 09:57:44','433-927-529','Suruchi'),(641,'Arjun',9342518563,'Spce','Dr Rubix','2017-04-27 09:57:46','627-424-908','Shreyas'),(642,'pavan kumar',9480727273,'spce','Gully Cricket','2017-04-27 09:58:02','446-497-335','Harshithaa '),(643,'Varun Soraganvi',9880940068,'BMSIT','Tug Of War','2017-04-27 09:58:12','497-286-311','Shiv Mangal'),(644,'Dhruv negi',9591401577,'BMSIT','FIFA','2017-04-27 09:58:45','467-145-801','Shiv Mangal'),(645,'Varun Soraganvi',9880940068,'BMSIT','FIFA','2017-04-27 09:59:02','146-666-312','Shiv Mangal'),(646,'Karan Kapoor',8861943029,'BMSIT','FIFA','2017-04-27 09:59:27','952-973-461','Shiv Mangal'),(647,'Ayush Thakur',8971942492,'BMSIT','PSYCH','2017-04-27 10:03:16','883-164-311','Shiv Mangal'),(648,'arpit',8088476228,'Bmsit','Capture','2017-04-27 10:03:38','824-678-767','Harshithaa '),(649,'Ayush Thakur',8971942492,'BMSIT','FIFA','2017-04-27 10:08:02','959-831-763','Shiv Mangal'),(650,'Sherlin ',7349498042,'Rljit','Beg Borrow Steal','2017-04-27 10:09:40','663-766-939','Suruchi'),(651,'Ayush Thakur',8971942492,'BMSIT','Google it','2017-04-27 10:11:14','623-123-935','Shiv Mangal'),(652,'rahul singh',8861144991,'global','Dr Rubix','2017-04-27 10:11:21','635-214-908','Harshithaa '),(653,'Bhargav S',8861048971,'BMSIT','FRIENDS and GOT quiz','2017-04-27 10:12:14','922-510-419','Bhargav S'),(654,'Saleem',9481786194,'Bmsit','Tug Of War','2017-04-27 10:12:56','976-103-665','Shreyas'),(655,'ranjit',7349359009,'bmsit','FIFA','2017-04-27 10:15:10','519-789-999','Harshithaa '),(656,'Arjun',9342518563,'Spce','Dr Rubix','2017-04-27 10:15:11','537-196-101','Shreyas'),(658,'Aditya Hegde',9663369097,'BMSIT','Google it','2017-04-27 10:23:50','529-743-763','Bhargav S'),(659,'Bitopan',9531124606,'Svit','General Quiz','2017-04-27 10:26:41','936-827-730','Shreyas'),(660,'rahul',9591714041,'bmsit','F UTSAHA L','2017-04-27 10:28:48','712-244-953','Harshithaa '),(661,'vivek',8904376834,'bmsit','F UTSAHA L','2017-04-27 10:29:07','612-421-236','Harshithaa '),(662,'Utkarsh',9916496548,'Pes ','FIFA','2017-04-27 10:29:59','340-655-616','Shreyas'),(663,'Vegi Varun',9620318388,'P','FIFA','2017-04-27 10:30:39','231-931-485','Shreyas'),(664,'sandeep',7259993444,'svit','Ping Pong Men','2017-04-27 10:36:56','860-821-294','Harshithaa '),(666,'Tushar Bhakta',9482746201,'SSRVM','Dr Rubix','2017-04-27 10:40:34','957-932-466','Ghost'),(667,'Kiran',8073091933,'BMSIT','Gully Cricket','2017-04-27 10:44:25','999-709-435','Bhargav S'),(668,'Saurabh',8884011183,'BMSIT','Dumb And Dumber','2017-04-27 10:48:13','176-595-883','Bhargav S'),(669,'Sai surya',8861584667,'Bmsit','Basketball','2017-04-27 10:48:14','365-852-972','Shreyas'),(670,'sagar',8553969578,'svit','Ping Pong Men','2017-04-27 10:48:57','852-418-691','Harshithaa '),(671,'varshini',9986248361,'svit','General Quiz','2017-04-27 10:49:33','513-969-378','Harshithaa '),(672,'sai Krishna',7349392636,'bmssa','F UTSAHA L','2017-04-27 10:52:09','265-406-742','Harshithaa '),(673,'Nimesh',8861570826,'BMSIT','Ping Pong Men','2017-04-27 10:52:16','171-711-876','Bhargav S'),(677,'Vidwath',7411830511,'Svce','Dota ','2017-04-27 10:55:13','928-891-343','Suruchi'),(678,'kusuma',9743931084,'svit','Beg Borrow Steal','2017-04-27 10:59:59','452-321-606','Harshithaa '),(680,'vishnu',8982840823,'bmsit','F UTSAHA L','2017-04-27 11:05:04','314-282-634','Harshithaa '),(681,'Prasad',8050585953,'Svit','Code Runner','2017-04-27 11:05:12','537-644-681','Suruchi'),(682,'Sohail',9972566490,'Svit','Code Runner','2017-04-27 11:05:43','867-224-933','Suruchi'),(683,'Gitesh',7795679517,'Bmsit','Dota ','2017-04-27 11:06:12','521-187-211','Sahil bajgain'),(684,'Romit',8105096153,'Reva','Mini Militia','2017-04-27 11:08:14','487-341-864','Suruchi'),(685,'Arnab',8660439772,'BMSIT','Capture','2017-04-27 11:09:13','141-273-729','Suruchi'),(686,'Manoj',9206122209,'Bmssa','Star Quest','2017-04-27 11:11:10','707-166-547','Sahil bajgain'),(687,'Sowmya',9945064770,'BMSIT','Beg Borrow Steal','2017-04-27 11:12:41','745-583-399','Suruchi'),(688,'Madhu',7204705769,'BMSIT','Meme Design','2017-04-27 11:13:23','327-772-227','Pratham'),(689,'Rida',8884021365,'Atria','Typathon','2017-04-27 11:14:39','599-685-392','Shreyas'),(690,'Karan ',8861943029,'Bmsit','Google it','2017-04-27 11:15:52','815-352-278','Prakhar bichpuriya'),(691,'Neha',8553146704,'Atria','Typathon','2017-04-27 11:16:15','916-471-126','Shreyas'),(692,'sanjay',9844130687,'svit','Typathon','2017-04-27 11:21:36','813-289-714','Harshithaa '),(695,'Deepak R',9740720910,'Reva','Typathon','2017-04-27 11:22:23','285-728-494','Suruchi'),(696,'sushir',7204061553,'svit','Google it','2017-04-27 11:22:29','932-707-231','Harshithaa '),(697,'Shubham',8951832355,'Svit','Google it','2017-04-27 11:22:57','353-611-289','Shreyas'),(698,'Rajat',9632865878,'Svit','Google it','2017-04-27 11:24:04','352-601-593','Shreyas'),(699,'Aman',8147130994,'Svit','General Quiz','2017-04-27 11:25:06','487-989-433','Shreyas'),(700,'Krishna',8050762256,'svit','Google it','2017-04-27 11:25:54','105-940-178','Harshithaa '),(701,'Yash',9470643469,'Svit','Google it','2017-04-27 11:26:00','573-515-224','Shreyas'),(702,'Vinay kumar',9482442245,'Svit','General Quiz','2017-04-27 11:27:04','504-795-516','Shreyas'),(703,'Vignesh',9148022172,'Svit','General Quiz','2017-04-27 11:28:19','533-838-484','Shreyas'),(704,'Sathvik',9980427349,'Svit','General Quiz','2017-04-27 11:28:54','222-355-318','Shreyas'),(705,'Shreya ',9390836608,'RLJIT','Beg Borrow Steal','2017-04-27 11:29:18','104-530-162','Pravathi V'),(706,'Venkatesh',9916952178,'SVIT','FIFA','2017-04-27 11:31:07','264-742-938','Pravathi V'),(707,'Saqeeb',9963384474,'RLJIT','Beg Borrow Steal','2017-04-27 11:32:19','896-870-752','Pravathi V'),(708,'Biwek',8904376834,'BMSIT','Ping Pong Men','2017-04-27 11:34:23','664-476-294','Pravathi V'),(709,'N deepak',8105591083,'Uvce','Code Runner','2017-04-27 11:34:28','866-791-265','Shreyas'),(710,'Madha kumar',9538520914,'ACHARYA','Ping Pong Men','2017-04-27 11:35:17','269-934-416','Pravathi V'),(712,'Kiran',8317671089,'RLJIT','Beg Borrow Steal','2017-04-27 11:36:14','394-791-123','Pravathi V'),(713,'Shabrin',8197119833,'Rljit','Beg Borrow Steal','2017-04-27 11:36:28','915-784-258','Shreyas'),(714,'Bharath',9632962642,'Svit','Counter Stike','2017-04-27 11:36:57','273-872-918','Shreyas'),(715,'Snishtha',9879084401,'BMSSA','Ping Pong Women','2017-04-27 11:37:20','756-298-484','Pravathi V'),(716,'Nitika',9480225682,'Svit','General Quiz','2017-04-27 11:37:23','327-373-868','Shreyas'),(718,'Yusuf Ahmed',9972043763,'BMSCE','FIFA','2017-04-27 11:38:19','322-773-818','Pravathi V'),(719,'deepa',8147741030,'bmssa','Ping Pong Women','2017-04-27 11:38:42','505-511-723','Harshithaa '),(720,'Dharshan',9741922498,'BMSIT','Code Runner','2017-04-27 11:39:41','876-596-922','Pravathi V'),(721,'Neha',8722845846,'Svit','General Quiz','2017-04-27 11:39:47','600-892-881','Shreyas'),(722,'Disha',9538233954,'Svit','General Quiz','2017-04-27 11:40:25','746-853-617','Shreyas'),(723,'keval',8050922795,'svit','Counter Stike','2017-04-27 11:40:30','939-857-528','Harshithaa '),(724,'Shreyas',8618803797,'Bmsit','Volleyball','2017-04-27 11:41:05','319-972-246','Shreyas'),(725,'Karthik',9620833049,'Attria','Break a leg','2017-04-27 11:41:52','882-143-510','Pravathi V'),(726,'bharat',9632962642,'svit','Dota ','2017-04-27 11:42:13','551-458-697','Harshithaa '),(727,'Chaitra',9611204230,'Svit','Typathon','2017-04-27 11:42:20','283-681-932','Shreyas'),(728,'Bhavana',8147274471,'Svit','Typathon','2017-04-27 11:42:50','762-412-730','Shreyas'),(729,'nasheed',9620148023,'bmsit','Dota ','2017-04-27 11:45:36','601-290-857','Harshithaa '),(730,'Krishna',9738402332,'Svit','Code Runner','2017-04-27 11:46:38','447-787-327','Shreyas'),(731,'Shankar',8553603367,'svit','General Quiz','2017-04-27 11:46:55','926-985-478','Harshithaa '),(733,'Pruthvi',9686204826,'BMSIT','Dumb And Dumber','2017-04-27 11:47:49','823-396-447','Pravathi V'),(734,'anil',9916541416,'svit','General Quiz','2017-04-27 11:48:25','655-651-718','Harshithaa '),(735,'nitin',8296716179,'svit','General Quiz','2017-04-27 11:49:41','892-415-395','Harshithaa '),(736,'Shravani',8496903995,'Svit','General Quiz','2017-04-27 11:49:52','253-265-754','Shreyas'),(737,'Pruthvi',9686204826,'BMSIT','Dumb And Dumber','2017-04-27 11:50:52','241-252-440','Pravathi V'),(738,'Janice',9538508421,'Bmsit','Ping Pong Women','2017-04-27 11:51:12','706-828-846','Shreyas'),(739,'kishan',9632844773,'sindhi','Basketball','2017-04-27 11:51:12','541-242-451','Harshithaa '),(740,'anurag',9611315002,'bmsit','General Quiz','2017-04-27 11:53:06','552-960-973','Harshithaa '),(741,'Bharath',8792341895,'BMSIT','Gone in sixty seconds','2017-04-27 11:53:22','859-225-714','Pravathi V'),(742,'Janice',9148500434,'bmsit','Ping Pong Women','2017-04-27 11:55:14','426-880-199','Harshithaa '),(744,'Hari priya',9483325013,'Svit','Circuit Debugging','2017-04-27 11:56:27','408-429-448','Shreyas'),(745,'somen',8123591147,'svit','Code Runner','2017-04-27 11:58:01','872-261-338','Harshithaa '),(746,'shashank',9731870504,'svit','Code Runner','2017-04-27 11:58:36','759-297-693','Harshithaa '),(748,'Bharath',8792341895,'BMSIT','Gone in sixty seconds','2017-04-27 11:59:53','291-360-563','Pravathi V'),(749,'avi',9886312298,'bmsit','FIFA','2017-04-27 12:00:14','156-578-816','Harshithaa '),(750,'Yashaswini',9916058750,'SVIT','General Quiz','2017-04-27 12:00:38','854-750-899','Pravathi V'),(751,'Akash',9008882798,'Bmsit','Gone in sixty seconds','2017-04-27 12:03:25','411-255-765','Shreyas'),(752,'Harshad',8105880185,'Bmsit','General Quiz','2017-04-27 12:04:56','342-774-909','Shreyas'),(753,'BhavishyaLakshmi',7337876559,'SVT','Capture','2017-04-27 12:06:44','403-823-281','Pravathi V'),(754,'Kunal',8797739629,'BMSIT','General Quiz','2017-04-27 12:07:58','821-407-978','Pravathi V'),(755,'Shreya G Bhat',7892968851,'SVIT','Capture','2017-04-27 12:08:50','562-700-518','Pravathi V'),(756,'alka',8867217368,'svit','Dumb And Dumber','2017-04-27 12:09:12','145-459-691','Harshithaa '),(757,'Shreya G Bhat',7892968851,'SVIT','Capture','2017-04-27 12:09:16','135-998-938','Pravathi V'),(758,'darshan',7353269127,'kumaran','Death by food','2017-04-27 12:13:30','607-967-273','Harshithaa '),(759,'immanuel',9739096975,'rljit','Death by food','2017-04-27 12:15:57','694-167-473','Harshithaa '),(760,'aasim',9738668382,'rljit','Death by food','2017-04-27 12:16:41','850-794-618','Harshithaa '),(761,'manoj',8310597249,'rljit','Death by food','2017-04-27 12:17:35','627-311-719','Harshithaa '),(762,'manoj',8310597249,'rljit','Death by food','2017-04-27 12:17:35','588-493-888','Harshithaa '),(763,'Vishal G',9738033193,'ST.JOSEPH','Dr Rubix','2017-04-27 12:20:25','468-959-623','Pravathi V'),(764,'Karthick',9916220340,'Bmsit','Dota ','2017-04-27 12:22:04','110-260-379','Shreyas'),(766,'sheetal',8861727965,'reva','Code Runner','2017-04-27 12:26:19','876-388-960','Harshithaa '),(767,'satyam',8749074220,'reva','Code Runner','2017-04-27 12:26:52','950-122-315','Harshithaa '),(769,'Likith',9845033833,'Oxford architecture','Basketball','2017-04-27 13:06:35','102-435-911','Abhilash'),(770,'Darshan',8971009009,'Oxford architecture','Basketball','2017-04-27 13:07:11','499-252-655','Abhilash'),(772,'bhargav',7892227287,'nitte','Roar','2017-04-27 13:13:18','173-415-263','Harshithaa '),(773,'Bharath',9535162130,'RLJIT','Death by food','2017-04-27 13:27:11','539-915-353','Abhilash'),(774,'Basavaraja',9663089656,'RLJIT','Death by food','2017-04-27 13:27:56','670-589-283','Abhilash'),(775,'Jameer basha',9880777490,'RLJIT','Death by food','2017-04-27 13:28:40','103-564-122','Abhilash'),(776,'Sunil A S',8088864278,'RRIT','Gully Cricket','2017-04-27 13:29:43','788-253-654','Jayasurya'),(777,'nikhil',8951594527,'bmsit','FIFA','2017-04-27 13:37:21','985-263-144','Harshithaa '),(778,'pragyan',9066742257,'bmsit','FIFA','2017-04-27 13:37:57','431-362-811','Harshithaa '),(779,'koushik',9060583402,'bmsit','Star Quest','2017-04-27 13:38:59','707-640-446','Harshithaa '),(781,'Emmanuel',7795219284,'svit','Arrow','2017-04-27 13:44:12','325-830-461','Harshithaa '),(782,'anirudh',7795219284,'svit','Arrow','2017-04-27 13:44:48','135-964-741','Harshithaa '),(785,'shravya',9440363347,'svit','FIFA','2017-04-27 13:47:37','877-445-195','Harshithaa '),(786,'harshini',9985064971,'svit','FIFA','2017-04-27 13:47:52','616-684-966','Harshithaa '),(787,'hemalatha',7892232243,'svit','FIFA','2017-04-27 13:48:06','647-527-913','Harshithaa '),(788,'Chanukya',8754907816,'BMSIT','FIFA','2017-04-27 13:48:32','571-506-119','Pravathi V'),(790,'Varun Soraganvi',9880940068,'BMSIT','Taboo','2017-04-27 15:28:24','643-463-161','Shiv Mangal'),(791,'Prateek S',8050401395,'Bmsit','Taboo','2017-04-27 16:12:59','489-247-182','Prakhar bichpuriya'),(792,'Shubhangi',8884565500,'Reva','FRIENDS and GOT quiz','2017-04-27 17:18:08','198-447-401','Shiv Mangal'),(793,'Ridwan Shafi',8277479156,'BMSIT','FRIENDS and GOT quiz','2017-04-27 23:35:58','551-737-883','Brijesh'),(795,'Prajwal',9880008229,'Acharya','Comic Quest','2017-04-28 09:43:19','410-452-831','Shreyas'),(796,'Venu kumar',8197968142,'Acharya','Comic Quest','2017-04-28 09:44:57','251-944-613','Shreyas'),(797,'Saleem',9481786194,'Bmsit','PSYCH','2017-04-28 09:45:28','750-796-973','Shreyas'),(798,'Akash',8123467769,'Bmsit','Roar','2017-04-28 09:59:10','307-646-830','Shreyas'),(799,'Tilak',8095065582,'RLJIT','Sherlocked','2017-04-28 10:17:26','653-420-418','Pravathi V'),(800,'Vaishnavi',9844438587,'SVIT','Comic Quest','2017-04-28 10:20:20','217-224-452','Pravathi V'),(801,'Venu',8495909014,'SPCE','Taboo','2017-04-28 10:27:13','445-615-704','Pravathi V'),(802,'Gautham',9482149242,'Svit','Mini Militia','2017-04-28 10:31:07','872-524-367','Jayasurya'),(804,'Saleem',9481786194,'BMSIT','Comic Quest','2017-04-28 10:44:41','500-959-505','Jayasurya'),(806,'Krishna',9738402332,'Svit','Sherlocked','2017-04-28 11:24:14','404-383-522','Jayasurya'),(807,'Harshitha',7204205011,'Svit','Sherlocked','2017-04-28 11:24:49','905-335-858','Jayasurya'),(808,'Samuel',7019127166,'Bit','FRIENDS and GOT quiz','2017-04-28 11:25:38','157-595-202','Jayasurya'),(809,'Reesha',8553087554,'Reva','FRIENDS and GOT quiz','2017-04-28 11:27:36','996-758-958','Jayasurya'),(810,'Harsha Babu',7259459821,'SVIT','FRIENDS and GOT quiz','2017-04-28 11:33:13','634-142-400','Jayasurya'),(811,'Manoj kumar',7760072687,'Svit','FRIENDS and GOT quiz','2017-04-28 11:35:05','787-464-148','Suruchi'),(812,'Said Ahmed Khan',9632383321,'Alpha','Star Quest','2017-04-28 11:50:31','144-552-350','Suruchi'),(813,'Syed nabeel',9632383321,'Alpha','Star Quest','2017-04-28 11:51:00','911-888-595','Suruchi'),(814,'Abdul faraz',9632383321,'Alpha','Star Quest','2017-04-28 11:51:22','393-127-377','Suruchi'),(815,'Vinay',9980655328,'SVIT','Mock Naukri','2017-04-28 11:51:41','447-470-864','Jayasurya'),(816,'Naveen Lad',9035526326,'MSRIT','Roar','2017-04-28 11:56:08','557-947-865','Jayasurya'),(817,'Harin',8762014488,'Bishop Cotton','Roar','2017-04-28 12:06:43','793-229-294','Jayasurya'),(818,'hitesh chandru',9901694919,'msrit','Meme Design','2017-04-28 12:06:56','751-925-968','Ghost'),(819,'kalyani balaji',9483516615,'Msrit','Meme Design','2017-04-28 12:07:45','936-641-593','Ghost'),(821,'Hemanth Kumar',9972588647,'BMSIT','Roar','2017-04-28 12:17:55','326-999-991','Jayasurya'),(822,'Krishna',9738402332,'SVIT','Roar','2017-04-28 12:29:14','868-410-954','Jayasurya'),(823,'Megha Chandrashekhar',8618209053,'BMSIT','Star Quest','2017-04-28 12:38:17','670-978-135','Jayasurya'),(824,'Nakul',9590655835,'BMSIT','Arrow','2017-04-28 12:40:12','485-408-147','Jayasurya'),(825,'Ankith',9590655835,'BMSIT','Arrow','2017-04-28 12:40:28','980-487-469','Jayasurya'),(826,'Vijeth',8861601480,'Svit','Gone in sixty seconds','2017-04-28 12:56:33','415-672-574','Jayasurya'),(827,'Vishal',9663176078,'Bmsit','Arrow','2017-04-28 13:03:11','908-820-225','Jayasurya'),(828,'Akash',9902512639,'Bmsit','Arrow','2017-04-28 13:04:16','384-131-394','Jayasurya'),(829,'Vinay',8431676909,'Camc','Roar','2017-04-28 13:35:10','248-504-516','Jayasurya'),(830,'Raghav',8762281106,'Sfgc','Roar','2017-04-28 13:35:30','983-948-996','Jayasurya'),(831,'Pavan',9663924798,'Christ','Roar','2017-04-28 13:35:50','601-147-794','Jayasurya'),(832,'Rahul',7760568163,'Bmssa','Roar','2017-04-28 13:36:28','185-354-758','Jayasurya'),(833,'Shubankar',8660557410,'Sfgc','Roar','2017-04-28 13:36:56','387-184-486','Jayasurya'),(834,'Rishab',9066393090,'Bmsit','Roar','2017-04-28 13:56:08','164-104-452','Jayasurya'),(835,'Anamuka',9741225742,'Bmsit','Ballooned','2017-04-28 14:58:01','448-378-470','Sandy');
/*!40000 ALTER TABLE `participants` ENABLE KEYS */;
UNLOCK TABLES;

--
-- Table structure for table `test`
--

DROP TABLE IF EXISTS `test`;
/*!40101 SET @saved_cs_client     = @@character_set_client */;
/*!40101 SET character_set_client = utf8 */;
CREATE TABLE `test` (
  `phno` bigint(20) DEFAULT NULL
) ENGINE=InnoDB DEFAULT CHARSET=latin1;
/*!40101 SET character_set_client = @saved_cs_client */;

--
-- Dumping data for table `test`
--

LOCK TABLES `test` WRITE;
/*!40000 ALTER TABLE `test` DISABLE KEYS */;
INSERT INTO `test` VALUES (8197360630),(9743688426),(9986632654),(8861456990),(9620048224),(9886518995),(9620093076),(9590655835),(9945535254),(8951189986),(8904849127),(9738830573),(9738597281),(9036508655),(8660439772),(8089895592),(8884011183),(9007489968),(9742454257),(8147807296),(9449573766),(9740377001),(9481887229),(9740830579),(9035925245),(8971392674),(8861943029),(8553309631),(8861193520),(8197360630),(8892608450),(7760038110),(7760863688);
/*!40000 ALTER TABLE `test` ENABLE KEYS */;
UNLOCK TABLES;

--
-- Table structure for table `volunteers`
--

DROP TABLE IF EXISTS `volunteers`;
/*!40101 SET @saved_cs_client     = @@character_set_client */;
/*!40101 SET character_set_client = utf8 */;
CREATE TABLE `volunteers` (
  `phno` bigint(20) DEFAULT NULL
) ENGINE=InnoDB DEFAULT CHARSET=latin1;
/*!40101 SET character_set_client = @saved_cs_client */;

--
-- Dumping data for table `volunteers`
--

LOCK TABLES `volunteers` WRITE;
/*!40000 ALTER TABLE `volunteers` DISABLE KEYS */;
INSERT INTO `volunteers` VALUES (8197360630),(9743688426),(8088652910),(9430972261),(9740201019),(9900205583),(9945412035),(7348813137),(8197413403),(8553897266),(9632325727),(9741225742),(8050870250),(8277027170),(8318888175),(8088476228),(8866468683),(7892549967),(8951735110),(7619592652),(8987496051),(8904688241),(8754907816),(8861128806),(9844810807),(7259117806),(9738465015),(9845962498),(8762311706),(7488422601),(8095033225),(8089669044),(9161261430),(8095896889),(9148500434),(8971383702),(8197067191),(7073134502),(7411627520),(8088896456),(9916919855),(9916666592),(8971649405),(7209886182),(9422478548),(7377061571),(9632326020),(7204293086),(8971095302),(7349212625),(7019768795),(9424133096),(8553852510),(8553978739),(9901951644),(9003223760),(7259596913),(9740094450),(9535596197),(8660804595),(8892504917),(8179847997),(9036620768),(7795696007),(8660186517),(9740072972),(9741027087),(8197940905),(8971598585),(9984034161),(8892552739),(8553266843),(7776882694);
/*!40000 ALTER TABLE `volunteers` ENABLE KEYS */;
UNLOCK TABLES;
/*!40103 SET TIME_ZONE=@OLD_TIME_ZONE */;

/*!40101 SET SQL_MODE=@OLD_SQL_MODE */;
/*!40014 SET FOREIGN_KEY_CHECKS=@OLD_FOREIGN_KEY_CHECKS */;
/*!40014 SET UNIQUE_CHECKS=@OLD_UNIQUE_CHECKS */;
/*!40101 SET CHARACTER_SET_CLIENT=@OLD_CHARACTER_SET_CLIENT */;
/*!40101 SET CHARACTER_SET_RESULTS=@OLD_CHARACTER_SET_RESULTS */;
/*!40101 SET COLLATION_CONNECTION=@OLD_COLLATION_CONNECTION */;
/*!40111 SET SQL_NOTES=@OLD_SQL_NOTES */;

-- Dump completed on 2017-05-02  5:38:44
